camera_id,timestamp,bbox,confidence
CAM_01,2026-04-02 16:16:47,"(393, 270, 891, 719)",0.8607555627822876
CAM_01,2026-04-02 16:16:48,"(305, 338, 824, 719)",0.7742578387260437
CAM_01,2026-04-02 16:16:48,"(306, 317, 779, 719)",0.8145137429237366
CAM_01,2026-04-02 16:16:48,"(270, 231, 814, 720)",0.8040464520454407
CAM_01,2026-04-02 16:16:49,"(257, 216, 827, 720)",0.7964602708816528
CAM_01,2026-04-02 16:16:49,"(232, 243, 829, 719)",0.8282240629196167
CAM_01,2026-04-02 16:16:51,"(224, 253, 815, 719)",0.8225765824317932
CAM_01,2026-04-02 16:16:53,"(72, 209, 794, 717)",0.7867468595504761
CAM_01,2026-04-02 16:16:53,"(910, 178, 1279, 554)",0.5138286352157593
CAM_01,2026-04-02 16:16:54,"(683, 305, 1100, 718)",0.8469816446304321
CAM_01,2026-04-02 16:16:54,"(0, 326, 703, 719)",0.7515219449996948
CAM_01,2026-04-02 16:16:55,"(661, 316, 1058, 720)",0.8667766451835632
CAM_01,2026-04-02 16:16:57,"(660, 291, 1010, 658)",0.7528018355369568
CAM_01,2026-04-02 16:16:57,"(175, 514, 809, 717)",0.5799861550331116
CAM_01,2026-04-02 16:16:59,"(636, 294, 977, 670)",0.5746167302131653
CAM_01,2026-04-02 16:17:00,"(323, 309, 1061, 702)",0.8171907663345337
CAM_01,2026-04-02 16:17:02,"(332, 410, 1052, 715)",0.708901584148407
CAM_01,2026-04-02 16:17:02,"(386, 263, 1035, 719)",0.5020004510879517
CAM_01,2026-04-02 16:17:03,"(365, 263, 1046, 716)",0.7731826305389404
CAM_01,2026-04-02 16:17:03,"(335, 384, 1059, 715)",0.7350562810897827
CAM_01,2026-04-02 16:17:05,"(368, 373, 1047, 713)",0.7268421053886414
CAM_01,2026-04-02 16:17:06,"(372, 367, 1059, 715)",0.7398772239685059
CAM_01,2026-04-02 16:17:08,"(351, 265, 1028, 714)",0.7976269125938416
CAM_01,2026-04-02 16:17:09,"(352, 407, 893, 711)",0.8116308450698853
CAM_01,2026-04-02 16:17:11,"(593, 272, 956, 613)",0.810001790523529
CAM_01,2026-04-02 16:17:11,"(414, 441, 715, 711)",0.5326084494590759
CAM_01,2026-04-02 16:17:13,"(648, 273, 991, 637)",0.764362633228302
CAM_01,2026-04-02 16:17:14,"(686, 262, 1032, 607)",0.8318536877632141
CAM_01,2026-04-02 16:17:16,"(718, 268, 1046, 591)",0.859150767326355
CAM_01,2026-04-02 16:17:17,"(722, 260, 1053, 598)",0.8121638894081116
CAM_01,2026-04-02 16:17:17,"(725, 257, 1061, 605)",0.8291268348693848
CAM_01,2026-04-02 16:17:18,"(725, 257, 1060, 605)",0.8284779787063599
CAM_01,2026-04-02 16:17:18,"(725, 258, 1062, 607)",0.813766598701477
CAM_01,2026-04-02 16:17:18,"(723, 257, 1057, 604)",0.8001802563667297
CAM_01,2026-04-02 16:17:19,"(727, 260, 1051, 599)",0.7969129085540771
CAM_01,2026-04-02 16:17:19,"(723, 261, 1049, 591)",0.811003565788269
CAM_01,2026-04-02 16:17:20,"(721, 259, 1051, 594)",0.7901132702827454
CAM_01,2026-04-02 16:17:20,"(720, 260, 1052, 598)",0.7706362009048462
CAM_01,2026-04-02 16:17:21,"(718, 261, 1053, 600)",0.757820725440979
CAM_01,2026-04-02 16:17:21,"(719, 261, 1055, 602)",0.7547017335891724
CAM_01,2026-04-02 16:17:22,"(724, 259, 1067, 593)",0.8110249042510986
CAM_01,2026-04-02 16:17:22,"(728, 257, 1069, 595)",0.7649409174919128
CAM_01,2026-04-02 16:17:23,"(734, 259, 1070, 597)",0.7576698064804077
CAM_01,2026-04-02 16:17:23,"(736, 257, 1071, 591)",0.8056942224502563
CAM_01,2026-04-02 16:17:23,"(739, 257, 1069, 590)",0.8092318177223206
CAM_01,2026-04-02 16:17:24,"(739, 258, 1069, 589)",0.8353468179702759
CAM_01,2026-04-02 16:17:24,"(738, 258, 1068, 591)",0.8175863027572632
CAM_01,2026-04-02 16:17:25,"(740, 260, 1073, 590)",0.8052359223365784
CAM_01,2026-04-02 16:17:25,"(741, 259, 1073, 587)",0.8399358987808228
CAM_01,2026-04-02 16:17:25,"(742, 259, 1075, 588)",0.8431814312934875
CAM_01,2026-04-02 16:17:26,"(742, 260, 1071, 589)",0.8451263904571533
CAM_01,2026-06-03 14:47:41,"(393, 270, 891, 719)",0.8607555627822876
CAM_01,2026-06-03 14:47:41,"(657, 288, 1009, 637)",0.7843714356422424
CAM_01,2026-06-03 14:47:41,"(653, 283, 1017, 677)",0.7693418264389038
CAM_01,2026-06-03 14:47:41,"(652, 283, 1018, 676)",0.7820460200309753
CAM_01,2026-06-03 14:47:41,"(142, 407, 883, 718)",0.5516780018806458
CAM_01,2026-06-03 14:47:41,"(646, 289, 993, 624)",0.8651263117790222
CAM_01,2026-06-03 14:47:42,"(647, 289, 1000, 633)",0.8319578170776367
CAM_01,2026-06-03 14:47:42,"(199, 362, 884, 717)",0.5756362080574036
CAM_01,2026-06-03 14:47:42,"(641, 294, 984, 599)",0.8179031610488892
CAM_01,2026-06-03 14:47:42,"(213, 362, 891, 716)",0.5215112566947937
CAM_01,2026-06-03 14:47:42,"(636, 294, 977, 670)",0.5746167302131653
CAM_01,2026-06-03 14:47:42,"(234, 314, 1037, 711)",0.5918383002281189
CAM_01,2026-06-03 14:47:42,"(250, 318, 973, 707)",0.789414644241333
CAM_01,2026-06-03 14:47:43,"(287, 336, 975, 706)",0.8460903167724609
CAM_01,2026-06-03 14:47:43,"(288, 337, 1038, 692)",0.8112887740135193
CAM_01,2026-06-03 14:47:43,"(300, 335, 1007, 705)",0.8124740719795227
CAM_01,2026-06-03 14:47:43,"(295, 336, 1071, 708)",0.7994197607040405
CAM_01,2026-06-03 14:47:43,"(293, 333, 1044, 704)",0.832290768623352
CAM_01,2026-06-03 14:47:44,"(323, 309, 1061, 702)",0.8171907663345337
CAM_01,2026-06-03 14:47:44,"(326, 355, 1059, 702)",0.8403664827346802
CAM_01,2026-06-03 14:47:44,"(326, 364, 1039, 706)",0.7606464624404907
CAM_01,2026-06-03 14:47:44,"(753, 238, 1280, 417)",0.5542713403701782
CAM_01,2026-06-03 14:47:44,"(328, 374, 1098, 707)",0.7274972200393677
CAM_01,2026-06-03 14:47:44,"(737, 225, 1280, 411)",0.5843977928161621
CAM_01,2026-06-03 14:47:44,"(325, 360, 1248, 708)",0.7496086359024048
CAM_01,2026-06-03 14:47:44,"(740, 217, 1280, 411)",0.5545682311058044
CAM_01,2026-06-03 14:47:45,"(326, 308, 1111, 712)",0.6896795034408569
CAM_01,2026-06-03 14:47:45,"(737, 234, 1280, 413)",0.5661493539810181
CAM_01,2026-06-03 14:47:45,"(359, 302, 1050, 715)",0.6906331181526184
CAM_01,2026-06-03 14:47:45,"(739, 250, 1280, 410)",0.501361072063446
CAM_01,2026-06-03 14:47:45,"(332, 410, 1052, 715)",0.708901584148407
CAM_01,2026-06-03 14:47:45,"(386, 263, 1035, 719)",0.5020004510879517
CAM_01,2026-06-03 14:47:45,"(327, 415, 1056, 713)",0.7287490367889404
CAM_01,2026-06-03 14:47:45,"(326, 418, 1061, 715)",0.722969651222229
CAM_01,2026-06-03 14:47:45,"(717, 214, 1280, 413)",0.5662047863006592
CAM_01,2026-06-03 14:47:46,"(371, 358, 1046, 716)",0.7319069504737854
CAM_01,2026-06-03 14:47:46,"(380, 272, 1045, 717)",0.7415598630905151
CAM_01,2026-06-03 14:47:46,"(357, 410, 1059, 717)",0.688614547252655
CAM_01,2026-06-03 14:47:46,"(382, 284, 1045, 716)",0.7506404519081116
CAM_01,2026-06-03 14:47:46,"(361, 412, 1060, 716)",0.7010339498519897
CAM_01,2026-06-03 14:47:46,"(705, 223, 1279, 411)",0.5591025352478027
CAM_01,2026-06-03 14:47:46,"(375, 263, 1044, 716)",0.7684093713760376
CAM_01,2026-06-03 14:47:46,"(365, 263, 1046, 716)",0.7731826305389404
CAM_01,2026-06-03 14:47:46,"(335, 384, 1059, 715)",0.7350562810897827
CAM_01,2026-06-03 14:47:47,"(369, 298, 1049, 715)",0.7451452016830444
CAM_01,2026-06-03 14:47:47,"(342, 414, 1059, 714)",0.6941163539886475
CAM_01,2026-06-03 14:47:47,"(374, 376, 1046, 714)",0.7374189496040344
CAM_01,2026-06-03 14:47:47,"(376, 361, 1044, 714)",0.7244149446487427
CAM_01,2026-06-03 14:47:47,"(377, 398, 1047, 713)",0.740591824054718
CAM_01,2026-06-03 14:47:47,"(360, 414, 1053, 714)",0.7557628154754639
CAM_01,2026-06-03 14:47:48,"(368, 364, 1048, 714)",0.7250486016273499
CAM_01,2026-06-03 14:47:48,"(368, 373, 1047, 713)",0.7268421053886414
CAM_01,2026-06-03 14:47:48,"(372, 390, 1049, 713)",0.7385687828063965
CAM_01,2026-06-03 14:47:48,"(366, 401, 1050, 714)",0.7882012128829956
CAM_01,2026-06-03 14:47:48,"(368, 405, 1055, 714)",0.7927231788635254
CAM_01,2026-06-03 14:47:49,"(365, 408, 1056, 714)",0.7911288142204285
CAM_01,2026-06-03 14:47:49,"(371, 409, 1056, 714)",0.7690253257751465
CAM_01,2026-06-03 14:47:49,"(370, 407, 1059, 713)",0.7582612633705139
CAM_01,2026-06-03 14:47:49,"(372, 367, 1059, 715)",0.7398772239685059
CAM_01,2026-06-03 14:47:49,"(362, 398, 1060, 716)",0.7564054727554321
CAM_01,2026-06-03 14:47:50,"(355, 402, 1061, 715)",0.7869659066200256
CAM_01,2026-06-03 14:47:50,"(354, 414, 1059, 715)",0.7923951745033264
CAM_01,2026-06-03 14:47:50,"(361, 385, 1056, 716)",0.7319133877754211
CAM_01,2026-06-03 14:47:50,"(363, 249, 1042, 716)",0.8110612034797668
CAM_01,2026-06-03 14:47:50,"(714, 211, 1279, 410)",0.5252948999404907
CAM_01,2026-06-03 14:47:51,"(360, 261, 1035, 715)",0.8338990807533264
CAM_01,2026-06-03 14:47:51,"(351, 265, 1028, 714)",0.7976269125938416
CAM_01,2026-06-03 14:47:51,"(362, 251, 1033, 716)",0.8234685063362122
CAM_01,2026-06-03 14:47:51,"(356, 245, 1020, 716)",0.8186090588569641
CAM_01,2026-06-03 14:47:51,"(344, 256, 1017, 714)",0.7993878126144409
CAM_01,2026-06-03 14:47:51,"(351, 260, 1015, 717)",0.7783878445625305
CAM_01,2026-06-03 14:47:52,"(357, 311, 1010, 704)",0.7683008313179016
CAM_01,2026-06-03 14:47:52,"(353, 399, 1015, 706)",0.7942216992378235
CAM_01,2026-06-03 14:47:52,"(349, 411, 920, 708)",0.815392255783081
CAM_01,2026-06-03 14:47:52,"(555, 272, 894, 518)",0.6298568248748779
CAM_01,2026-06-03 14:47:52,"(352, 407, 893, 711)",0.8116308450698853
CAM_01,2026-06-03 14:47:52,"(368, 413, 897, 715)",0.7628685832023621
CAM_01,2026-06-03 14:47:52,"(553, 266, 937, 607)",0.5860018730163574
CAM_01,2026-06-03 14:47:53,"(553, 263, 921, 628)",0.7133061289787292
CAM_01,2026-06-03 14:47:53,"(361, 419, 981, 717)",0.6165074110031128
CAM_01,2026-06-03 14:47:53,"(554, 270, 933, 622)",0.8451889753341675
CAM_01,2026-06-03 14:47:53,"(570, 269, 967, 667)",0.8102014660835266
CAM_01,2026-06-03 14:47:53,"(580, 271, 957, 639)",0.8183643221855164
CAM_01,2026-06-03 14:47:54,"(584, 266, 973, 652)",0.8016290068626404
CAM_01,2026-06-03 14:47:54,"(415, 440, 749, 712)",0.665208637714386
CAM_01,2026-06-03 14:47:54,"(596, 272, 975, 673)",0.7798623442649841
CAM_01,2026-06-03 14:47:54,"(408, 448, 736, 707)",0.7471524477005005
CAM_01,2026-06-03 14:47:54,"(593, 272, 956, 613)",0.810001790523529
CAM_01,2026-06-03 14:47:54,"(414, 441, 715, 711)",0.5326084494590759
CAM_01,2026-06-03 14:47:54,"(403, 419, 713, 714)",0.7810961008071899
CAM_01,2026-06-03 14:47:54,"(612, 264, 972, 645)",0.7797501087188721
CAM_01,2026-06-03 14:47:54,"(631, 276, 967, 636)",0.7790353894233704
CAM_01,2026-06-03 14:47:55,"(620, 273, 985, 615)",0.7959116697311401
CAM_01,2026-06-03 14:47:55,"(630, 269, 978, 657)",0.7498951554298401
CAM_01,2026-06-03 14:47:55,"(633, 272, 979, 605)",0.8365652561187744
CAM_01,2026-06-03 14:47:55,"(645, 270, 995, 629)",0.7838376760482788
CAM_01,2026-06-03 14:47:55,"(641, 264, 995, 666)",0.7488276362419128
CAM_01,2026-06-03 14:47:56,"(648, 273, 991, 637)",0.764362633228302
CAM_01,2026-06-03 14:47:56,"(652, 271, 1002, 643)",0.7783383131027222
CAM_01,2026-06-03 14:47:56,"(0, 461, 266, 701)",0.5187961459159851
CAM_01,2026-06-03 14:47:56,"(649, 274, 1022, 693)",0.7421042323112488
CAM_01,2026-06-03 14:47:56,"(651, 276, 1002, 628)",0.7901098132133484
CAM_01,2026-06-03 14:47:56,"(664, 270, 1008, 607)",0.8468881249427795
CAM_01,2026-06-03 14:47:56,"(0, 452, 299, 708)",0.6035283803939819
CAM_01,2026-06-03 14:47:57,"(669, 266, 1022, 655)",0.7856298685073853
CAM_01,2026-06-03 14:47:57,"(682, 270, 1026, 603)",0.827143132686615
CAM_01,2026-06-03 14:47:57,"(0, 457, 315, 694)",0.5684880614280701
CAM_01,2026-06-03 14:47:57,"(689, 267, 1023, 618)",0.8064526319503784
CAM_01,2026-06-03 14:47:57,"(686, 262, 1032, 607)",0.8318536877632141
CAM_01,2026-06-03 14:47:57,"(680, 266, 1036, 599)",0.8391676545143127
CAM_01,2026-06-03 14:47:58,"(686, 263, 1040, 602)",0.8283964991569519
CAM_01,2026-06-03 14:47:58,"(0, 450, 318, 691)",0.5821053981781006
CAM_01,2026-06-03 14:47:58,"(688, 265, 1041, 601)",0.8350717425346375
CAM_01,2026-06-03 14:47:58,"(698, 263, 1041, 601)",0.8243991732597351
CAM_01,2026-06-03 14:47:58,"(712, 266, 1043, 603)",0.8271506428718567
CAM_01,2026-06-03 14:47:58,"(714, 266, 1038, 603)",0.8391133546829224
CAM_01,2026-06-03 14:47:59,"(718, 268, 1046, 591)",0.859150767326355
CAM_01,2026-06-03 14:47:59,"(723, 266, 1042, 594)",0.8218693733215332
CAM_01,2026-06-03 14:47:59,"(719, 261, 1046, 596)",0.8109946846961975
CAM_01,2026-06-03 14:47:59,"(718, 261, 1050, 595)",0.8065868616104126
CAM_01,2026-06-03 14:47:59,"(715, 260, 1054, 599)",0.7816702127456665
CAM_01,2026-06-03 14:48:00,"(720, 262, 1055, 597)",0.8054801225662231
CAM_01,2026-06-03 14:48:00,"(722, 260, 1053, 598)",0.8121638894081116
CAM_01,2026-06-03 14:48:00,"(724, 260, 1054, 600)",0.8196945190429688
CAM_01,2026-06-03 14:48:00,"(724, 257, 1058, 601)",0.8271371126174927
CAM_01,2026-06-03 14:48:00,"(723, 257, 1061, 603)",0.8325947523117065
CAM_01,2026-06-03 14:48:01,"(724, 258, 1060, 604)",0.8312736749649048
CAM_01,2026-06-03 14:48:01,"(725, 258, 1060, 604)",0.8321186304092407
CAM_01,2026-06-03 14:48:01,"(725, 257, 1061, 605)",0.8291268348693848
CAM_01,2026-06-03 14:48:01,"(725, 257, 1060, 605)",0.8284779787063599
CAM_01,2026-06-03 14:48:01,"(725, 258, 1060, 605)",0.8291184902191162
CAM_01,2026-06-03 14:48:02,"(725, 258, 1062, 607)",0.813766598701477
CAM_01,2026-06-03 14:48:02,"(723, 260, 1059, 603)",0.8179336190223694
CAM_01,2026-06-03 14:48:02,"(722, 259, 1060, 603)",0.7979673743247986
CAM_01,2026-06-03 14:48:02,"(723, 257, 1057, 604)",0.8001802563667297
CAM_01,2026-06-03 14:48:02,"(726, 256, 1054, 603)",0.7998439073562622
CAM_01,2026-06-03 14:48:03,"(727, 260, 1051, 599)",0.7969129085540771
CAM_01,2026-06-03 14:48:03,"(727, 260, 1050, 595)",0.8052539825439453
CAM_01,2026-06-03 14:48:03,"(723, 261, 1049, 591)",0.811003565788269
CAM_01,2026-06-03 14:48:03,"(722, 261, 1050, 591)",0.8026013374328613
CAM_01,2026-06-03 14:48:03,"(721, 259, 1051, 594)",0.7901132702827454
CAM_01,2026-06-03 14:48:04,"(721, 259, 1053, 596)",0.7813302874565125
CAM_01,2026-06-03 14:48:04,"(720, 260, 1052, 598)",0.7706362009048462
CAM_01,2026-06-03 14:48:04,"(718, 260, 1052, 597)",0.7704307436943054
CAM_01,2026-06-03 14:48:04,"(717, 261, 1053, 598)",0.765953779220581
CAM_01,2026-06-03 14:48:04,"(718, 261, 1053, 600)",0.757820725440979
CAM_01,2026-06-03 14:48:05,"(717, 261, 1054, 602)",0.751768946647644
CAM_01,2026-06-03 14:48:05,"(719, 261, 1055, 602)",0.7547017335891724
CAM_01,2026-06-03 14:48:05,"(720, 261, 1058, 595)",0.7748461365699768
CAM_01,2026-06-03 14:48:05,"(722, 260, 1065, 593)",0.7849617004394531
CAM_01,2026-06-03 14:48:05,"(724, 259, 1067, 593)",0.8110249042510986
CAM_01,2026-06-03 14:48:06,"(724, 259, 1064, 594)",0.8036390542984009
CAM_01,2026-06-03 14:48:06,"(728, 257, 1069, 595)",0.7649409174919128
CAM_01,2026-06-03 14:48:06,"(730, 260, 1064, 599)",0.743053138256073
CAM_01,2026-06-03 14:48:06,"(734, 259, 1070, 597)",0.7576698064804077
CAM_01,2026-06-03 14:48:06,"(736, 258, 1070, 590)",0.7780779004096985
CAM_01,2026-06-03 14:48:07,"(736, 257, 1071, 591)",0.8056942224502563
CAM_01,2026-06-03 14:48:07,"(736, 257, 1069, 591)",0.8012118339538574
CAM_01,2026-06-03 14:48:07,"(739, 257, 1069, 590)",0.8092318177223206
CAM_01,2026-06-03 14:48:07,"(740, 258, 1069, 588)",0.8301012516021729
CAM_01,2026-06-03 14:48:07,"(739, 258, 1069, 589)",0.8353468179702759
CAM_01,2026-06-03 14:48:08,"(739, 258, 1069, 589)",0.834030270576477
CAM_01,2026-06-03 14:48:08,"(738, 258, 1068, 591)",0.8175863027572632
CAM_01,2026-06-03 14:48:08,"(738, 259, 1071, 590)",0.8157451152801514
CAM_01,2026-06-03 14:48:08,"(740, 260, 1073, 590)",0.8052359223365784
CAM_01,2026-06-03 14:48:08,"(740, 260, 1073, 588)",0.8312429785728455
CAM_01,2026-06-03 14:48:09,"(741, 259, 1073, 587)",0.8399358987808228
CAM_01,2026-06-03 14:48:09,"(743, 260, 1075, 586)",0.850883424282074
CAM_01,2026-06-03 14:48:09,"(742, 259, 1075, 588)",0.8431814312934875
CAM_01,2026-06-03 14:48:09,"(742, 260, 1071, 589)",0.8451263904571533
CAM_01,2026-06-03 14:51:32,"(502, 11, 589, 112)",0.7134084105491638
CAM_01,2026-06-03 14:51:34,"(751, 5, 1280, 622)",0.5205562710762024
CAM_01,2026-06-03 14:51:35,"(601, 7, 700, 114)",0.6233490705490112
CAM_01,2026-06-03 14:52:03,"(750, 5, 1279, 590)",0.5254004597663879
CAM_01,2026-06-03 14:52:03,"(639, 91, 702, 197)",0.6460686922073364
CAM_01,2026-06-03 14:52:04,"(633, 95, 712, 206)",0.6201096177101135
CAM_01,2026-06-03 14:52:04,"(637, 95, 704, 207)",0.6378870010375977
CAM_01,2026-06-03 14:52:04,"(636, 95, 714, 217)",0.5125153064727783
CAM_01,2026-06-03 14:52:04,"(639, 95, 729, 216)",0.6354475021362305
CAM_01,2026-06-03 14:52:05,"(673, 129, 731, 249)",0.7552124261856079
CAM_01,2026-06-03 14:52:06,"(676, 120, 751, 239)",0.5594761371612549
CAM_01,2026-06-03 14:52:06,"(670, 119, 726, 241)",0.6528481841087341
CAM_01,2026-06-03 14:52:06,"(670, 131, 731, 244)",0.7548372149467468
CAM_01,2026-06-03 14:52:06,"(668, 139, 723, 254)",0.7084898948669434
CAM_01,2026-06-03 14:52:28,"(921, 239, 1035, 297)",0.5563015937805176
CAM_01,2026-06-03 14:52:29,"(920, 238, 1040, 299)",0.5919098854064941
CAM_01,2026-06-03 14:52:30,"(919, 238, 1038, 301)",0.6500564813613892
CAM_01,2026-06-03 14:52:30,"(919, 238, 1035, 300)",0.6658397316932678
CAM_01,2026-06-03 14:52:30,"(919, 237, 1032, 302)",0.6333872675895691
CAM_01,2026-06-03 14:52:31,"(920, 237, 1037, 303)",0.5498031973838806
CAM_01,2026-06-03 14:54:32,"(947, 308, 1099, 364)",0.6906083822250366
CAM_01,2026-06-03 14:54:33,"(945, 308, 1102, 363)",0.6363892555236816
CAM_01,2026-06-03 14:54:33,"(945, 309, 1104, 362)",0.6442036032676697
CAM_01,2026-06-03 14:55:05,"(438, 35, 488, 79)",0.5031311511993408
CAM_01,2026-06-03 14:55:06,"(555, 115, 590, 197)",0.721837043762207
CAM_01,2026-06-03 14:55:06,"(620, 211, 661, 322)",0.7098293304443359
CAM_01,2026-06-03 14:55:13,"(783, 182, 810, 206)",0.502966582775116
CAM_01,2026-06-03 14:55:14,"(784, 180, 810, 206)",0.5006197690963745
CAM_01,2026-06-03 14:55:26,"(903, 91, 965, 161)",0.7727718353271484
CAM_01,2026-06-03 14:55:31,"(876, 127, 913, 155)",0.5859553217887878
CAM_01,2026-06-03 14:55:31,"(876, 133, 913, 159)",0.5386064648628235
CAM_01,2026-06-03 14:55:31,"(839, 145, 920, 189)",0.528340756893158
CAM_01,2026-06-03 14:55:32,"(880, 139, 974, 207)",0.590240478515625
CAM_01,2026-06-03 14:55:33,"(899, 138, 998, 209)",0.666277289390564
CAM_01,2026-06-03 14:55:33,"(906, 139, 1011, 199)",0.8557095527648926
CAM_01,2026-06-03 14:55:33,"(908, 119, 1009, 189)",0.8686953783035278
CAM_01,2026-06-03 14:55:33,"(911, 92, 1009, 177)",0.7831909656524658
CAM_01,2026-06-03 14:55:33,"(912, 125, 1009, 177)",0.6681933403015137
CAM_01,2026-06-03 14:55:33,"(913, 122, 1008, 163)",0.8547978401184082
CAM_01,2026-06-03 14:55:34,"(909, 120, 999, 161)",0.7830564379692078
CAM_01,2026-06-03 14:55:34,"(901, 119, 993, 159)",0.5788544416427612
CAM_01,2026-06-03 14:55:34,"(898, 115, 990, 154)",0.6812692880630493
CAM_01,2026-06-03 14:55:40,"(800, 59, 848, 95)",0.5562629103660583
CAM_01,2026-06-03 14:55:43,"(557, 241, 808, 334)",0.5040286183357239
CAM_01,2026-06-03 14:55:43,"(554, 258, 838, 379)",0.6636614799499512
CAM_01,2026-06-03 14:55:44,"(546, 262, 843, 390)",0.8368331789970398
CAM_01,2026-06-03 14:55:44,"(545, 261, 860, 396)",0.8936988711357117
CAM_01,2026-06-03 14:55:44,"(537, 265, 861, 404)",0.839202344417572
CAM_01,2026-06-03 14:55:45,"(563, 116, 775, 494)",0.8418482542037964
CAM_01,2026-06-03 14:55:48,"(912, 213, 951, 254)",0.8172550797462463
CAM_01,2026-06-03 14:55:49,"(909, 218, 949, 257)",0.6704650521278381
CAM_01,2026-06-03 14:55:49,"(910, 221, 946, 254)",0.7818959355354309
CAM_01,2026-06-03 14:55:49,"(914, 225, 948, 256)",0.7839381098747253
CAM_01,2026-06-03 14:55:49,"(917, 231, 949, 260)",0.7982550263404846
CAM_01,2026-06-03 14:56:05,"(778, 265, 820, 296)",0.5250741839408875
CAM_01,2026-06-03 14:56:05,"(784, 263, 837, 300)",0.7441465258598328
CAM_01,2026-06-03 14:56:05,"(787, 259, 841, 300)",0.6881017684936523
CAM_01,2026-06-03 14:56:06,"(787, 259, 837, 304)",0.6630519032478333
CAM_01,2026-06-03 14:56:06,"(782, 271, 833, 303)",0.5505144596099854
CAM_01,2026-06-03 14:56:07,"(779, 267, 821, 292)",0.6804361343383789
CAM_01,2026-06-03 14:56:08,"(618, 242, 670, 272)",0.5402550101280212
CAM_01,2026-06-03 14:56:26,"(438, 35, 487, 78)",0.5183566808700562
CAM_01,2026-06-03 14:56:26,"(438, 35, 487, 78)",0.5001729726791382
CAM_01,2026-06-03 14:56:26,"(438, 35, 487, 78)",0.5536255240440369
CAM_01,2026-06-03 14:56:27,"(438, 35, 487, 78)",0.5122780799865723
CAM_01,2026-06-03 14:56:27,"(438, 35, 487, 78)",0.5562143325805664
CAM_01,2026-06-03 14:56:27,"(439, 34, 488, 79)",0.5885442495346069
CAM_01,2026-06-03 14:56:27,"(439, 34, 488, 79)",0.6118866801261902
CAM_01,2026-06-03 14:56:27,"(439, 34, 488, 79)",0.5616716742515564
CAM_01,2026-06-03 14:56:29,"(597, 43, 658, 73)",0.7877169847488403
CAM_01,2026-06-03 14:56:29,"(599, 44, 662, 77)",0.8278700709342957
CAM_01,2026-06-03 14:56:29,"(412, 67, 456, 96)",0.5270353555679321
CAM_01,2026-06-03 14:56:30,"(611, 48, 660, 82)",0.7798023223876953
CAM_01,2026-06-03 14:56:30,"(613, 61, 666, 96)",0.7879644632339478
CAM_01,2026-06-03 14:56:30,"(615, 65, 672, 104)",0.8620110750198364
CAM_01,2026-06-03 14:56:30,"(620, 75, 673, 113)",0.5372444987297058
CAM_01,2026-06-03 14:56:30,"(619, 77, 677, 116)",0.7988960146903992
CAM_01,2026-06-03 14:56:31,"(620, 78, 687, 123)",0.8174388408660889
CAM_01,2026-06-03 14:56:31,"(625, 82, 699, 128)",0.7688776254653931
CAM_01,2026-06-03 14:56:31,"(633, 95, 711, 143)",0.8325626254081726
CAM_01,2026-06-03 14:56:31,"(643, 103, 716, 151)",0.8636497259140015
CAM_01,2026-06-03 14:56:31,"(663, 119, 732, 170)",0.8392730355262756
CAM_01,2026-06-03 14:56:32,"(668, 121, 744, 176)",0.8330506086349487
CAM_01,2026-06-03 14:56:32,"(676, 131, 750, 180)",0.8782861232757568
CAM_01,2026-06-03 14:56:32,"(678, 146, 765, 198)",0.8561810851097107
CAM_01,2026-06-03 14:56:32,"(679, 160, 768, 216)",0.8281063437461853
CAM_01,2026-06-03 14:56:33,"(679, 174, 770, 233)",0.8733569979667664
CAM_01,2026-06-03 14:56:33,"(682, 177, 780, 243)",0.7183078527450562
CAM_01,2026-06-03 14:56:33,"(689, 183, 812, 252)",0.6826547980308533
CAM_01,2026-06-03 14:56:33,"(695, 193, 832, 261)",0.5375459790229797
CAM_01,2026-06-03 14:56:33,"(832, 340, 1068, 434)",0.9320966601371765
CAM_01,2026-06-03 14:56:34,"(1181, 462, 1280, 556)",0.773636519908905
CAM_01,2026-06-03 14:56:35,"(432, 31, 482, 82)",0.5056113004684448
CAM_01,2026-06-03 14:56:36,"(761, 121, 882, 184)",0.8304623961448669
CAM_01,2026-06-03 14:56:43,"(936, 228, 972, 262)",0.5255928635597229
CAM_01,2026-06-03 14:56:44,"(936, 229, 972, 262)",0.5081900954246521
CAM_01,2026-06-03 14:57:06,"(932, 230, 973, 263)",0.6038635969161987
CAM_01,2026-06-03 14:57:06,"(881, 204, 967, 255)",0.7020313143730164
CAM_01,2026-06-03 14:57:06,"(881, 204, 967, 255)",0.69863361120224
CAM_01,2026-06-03 14:57:07,"(881, 204, 967, 255)",0.6881828904151917
CAM_01,2026-06-03 14:57:07,"(881, 204, 967, 255)",0.6704766154289246
CAM_01,2026-06-03 14:57:07,"(881, 204, 967, 256)",0.6698544025421143
CAM_01,2026-06-03 14:57:07,"(881, 204, 967, 255)",0.6706176400184631
CAM_01,2026-06-03 14:57:07,"(880, 204, 966, 257)",0.6842566132545471
CAM_01,2026-06-03 14:57:08,"(880, 204, 966, 257)",0.6911759972572327
CAM_01,2026-06-03 14:57:08,"(880, 204, 966, 258)",0.6772474646568298
CAM_01,2026-06-03 14:57:08,"(880, 204, 966, 258)",0.6592809557914734
CAM_01,2026-06-03 14:57:08,"(880, 204, 966, 258)",0.7265478372573853
CAM_01,2026-06-03 14:57:08,"(880, 204, 966, 258)",0.7387239336967468
CAM_01,2026-06-03 14:57:09,"(880, 204, 966, 258)",0.7426086068153381
CAM_01,2026-06-03 14:57:09,"(880, 204, 966, 258)",0.7504228353500366
CAM_01,2026-06-03 14:57:09,"(880, 204, 966, 258)",0.7485811710357666
CAM_01,2026-06-03 14:57:09,"(880, 204, 966, 258)",0.7483649849891663
CAM_01,2026-06-03 14:57:09,"(880, 204, 966, 258)",0.7460412979125977
CAM_01,2026-06-03 14:57:10,"(880, 204, 966, 258)",0.7471871972084045
CAM_01,2026-06-03 14:57:10,"(880, 204, 966, 258)",0.7378619313240051
CAM_01,2026-06-03 14:57:10,"(880, 204, 966, 258)",0.7320684194564819
CAM_01,2026-06-03 14:57:10,"(880, 204, 966, 258)",0.7189135551452637
CAM_01,2026-06-03 14:57:11,"(880, 204, 966, 258)",0.7059187293052673
CAM_01,2026-06-03 14:57:11,"(880, 204, 966, 258)",0.6987289190292358
CAM_01,2026-06-03 14:57:11,"(880, 204, 966, 258)",0.686570405960083
CAM_01,2026-06-03 14:57:11,"(880, 204, 966, 258)",0.6783034801483154
CAM_01,2026-06-03 14:57:12,"(880, 204, 966, 258)",0.6762025952339172
CAM_01,2026-06-03 14:57:12,"(880, 204, 966, 258)",0.6822670698165894
CAM_01,2026-06-03 14:57:12,"(880, 204, 966, 258)",0.6721722483634949
CAM_01,2026-06-03 14:57:12,"(880, 204, 966, 258)",0.687221348285675
CAM_01,2026-06-03 14:57:13,"(880, 203, 966, 258)",0.7013271450996399
CAM_01,2026-06-03 14:57:13,"(880, 204, 966, 257)",0.5427747368812561
CAM_01,2026-06-03 14:57:13,"(880, 204, 966, 257)",0.5444126129150391
CAM_01,2026-06-03 14:57:13,"(880, 204, 966, 258)",0.6592751741409302
CAM_01,2026-06-03 14:57:13,"(880, 204, 966, 258)",0.6716011762619019
CAM_01,2026-06-03 14:57:14,"(880, 204, 966, 258)",0.6688385605812073
CAM_01,2026-06-03 14:57:14,"(880, 204, 966, 258)",0.6686829328536987
CAM_01,2026-06-03 14:57:14,"(880, 204, 966, 258)",0.6665075421333313
CAM_01,2026-06-03 14:57:14,"(880, 204, 966, 258)",0.666582465171814
CAM_01,2026-06-03 14:57:14,"(880, 204, 966, 258)",0.6698691248893738
CAM_01,2026-06-03 14:57:15,"(880, 204, 966, 258)",0.6698943376541138
CAM_01,2026-06-03 14:57:15,"(880, 204, 966, 258)",0.6700592041015625
CAM_01,2026-06-03 14:57:15,"(880, 204, 966, 258)",0.6697555780410767
CAM_01,2026-06-03 14:57:15,"(880, 204, 966, 258)",0.6611957550048828
CAM_01,2026-06-03 14:57:15,"(880, 204, 966, 258)",0.6611583828926086
CAM_01,2026-06-03 14:57:16,"(880, 204, 965, 257)",0.6455844640731812
CAM_01,2026-06-03 14:57:16,"(880, 204, 965, 257)",0.6398436427116394
CAM_01,2026-06-03 14:57:16,"(880, 204, 965, 257)",0.6439544558525085
CAM_01,2026-06-03 14:57:16,"(880, 204, 965, 257)",0.6436159610748291
CAM_01,2026-06-03 14:57:16,"(880, 204, 966, 257)",0.6492734551429749
CAM_01,2026-06-03 14:57:17,"(880, 204, 966, 257)",0.6489178538322449
CAM_01,2026-06-03 14:57:17,"(880, 204, 966, 257)",0.6529361009597778
CAM_01,2026-06-03 14:57:17,"(880, 204, 965, 257)",0.6531431078910828
CAM_01,2026-06-03 14:57:17,"(880, 204, 965, 257)",0.6533082127571106
CAM_01,2026-06-03 14:57:18,"(880, 204, 966, 258)",0.6213052868843079
CAM_01,2026-06-03 14:57:18,"(880, 204, 965, 257)",0.692634642124176
CAM_01,2026-06-03 14:57:18,"(880, 204, 966, 258)",0.5788245797157288
CAM_01,2026-06-03 14:57:18,"(879, 203, 966, 257)",0.6138938069343567
CAM_01,2026-06-03 14:57:18,"(880, 204, 966, 257)",0.5545397996902466
CAM_01,2026-06-03 14:57:19,"(880, 204, 966, 257)",0.535189688205719
CAM_01,2026-06-03 14:57:19,"(880, 204, 966, 257)",0.5407379865646362
CAM_01,2026-06-03 14:57:19,"(880, 204, 966, 257)",0.5368446707725525
CAM_01,2026-06-03 14:57:19,"(880, 204, 966, 257)",0.5417583584785461
CAM_01,2026-06-03 14:57:19,"(880, 204, 966, 257)",0.543631374835968
CAM_01,2026-06-03 14:57:20,"(880, 204, 966, 257)",0.5400775671005249
CAM_01,2026-06-03 14:57:20,"(880, 204, 966, 257)",0.5415667295455933
CAM_01,2026-06-03 14:57:20,"(880, 204, 966, 257)",0.5480319857597351
CAM_01,2026-06-03 14:57:20,"(880, 204, 966, 257)",0.5475820899009705
CAM_01,2026-06-03 14:57:20,"(880, 204, 966, 257)",0.5622850656509399
CAM_01,2026-06-03 14:57:21,"(880, 204, 965, 257)",0.6617268919944763
CAM_01,2026-06-03 14:57:21,"(880, 204, 965, 257)",0.6680738925933838
CAM_01,2026-06-03 14:57:21,"(880, 204, 965, 257)",0.6682445406913757
CAM_01,2026-06-03 14:57:21,"(880, 204, 965, 257)",0.6795701384544373
CAM_01,2026-06-03 14:57:22,"(880, 204, 965, 257)",0.6780637502670288
CAM_01,2026-06-03 14:57:22,"(879, 204, 965, 257)",0.6713466644287109
CAM_01,2026-06-03 14:57:22,"(879, 204, 965, 257)",0.6728470921516418
CAM_01,2026-06-03 14:57:22,"(880, 204, 965, 257)",0.6750176548957825
CAM_01,2026-06-03 14:57:22,"(879, 204, 966, 257)",0.6725292801856995
CAM_01,2026-06-03 14:57:23,"(879, 203, 966, 258)",0.607537567615509
CAM_01,2026-06-03 14:57:23,"(879, 203, 966, 258)",0.6072400808334351
CAM_01,2026-06-03 14:57:23,"(879, 203, 966, 258)",0.6045175790786743
CAM_01,2026-06-03 14:57:23,"(879, 203, 966, 258)",0.5986917614936829
CAM_01,2026-06-03 14:57:23,"(879, 203, 966, 258)",0.6014841198921204
CAM_01,2026-06-03 14:57:24,"(879, 203, 966, 258)",0.5938564538955688
CAM_01,2026-06-03 14:57:24,"(879, 203, 966, 258)",0.5946747660636902
CAM_01,2026-06-03 14:57:24,"(879, 203, 966, 258)",0.5947126746177673
CAM_01,2026-06-03 14:57:24,"(879, 203, 966, 258)",0.5936703085899353
CAM_01,2026-06-03 14:57:24,"(879, 203, 966, 258)",0.5970154404640198
CAM_01,2026-06-03 14:57:27,"(879, 203, 966, 257)",0.5941005349159241
CAM_01,2026-06-03 14:57:27,"(879, 203, 966, 257)",0.59279865026474
CAM_01,2026-06-03 14:57:27,"(879, 203, 966, 257)",0.5924652814865112
CAM_01,2026-06-03 14:57:27,"(879, 203, 965, 257)",0.5819093585014343
CAM_01,2026-06-03 14:57:27,"(879, 203, 965, 257)",0.5808846950531006
CAM_01,2026-06-03 14:57:28,"(879, 203, 965, 257)",0.5844371914863586
CAM_01,2026-06-03 14:57:28,"(879, 203, 965, 257)",0.5867274403572083
CAM_01,2026-06-03 14:57:28,"(879, 203, 965, 257)",0.5886446833610535
CAM_01,2026-06-03 14:57:28,"(879, 203, 965, 257)",0.5891414880752563
CAM_01,2026-06-03 14:57:28,"(879, 203, 965, 257)",0.5829593539237976
CAM_01,2026-06-03 14:57:29,"(880, 204, 966, 258)",0.635770320892334
CAM_01,2026-06-03 14:57:29,"(880, 204, 966, 258)",0.6280484199523926
CAM_01,2026-06-03 14:57:29,"(880, 204, 966, 258)",0.6307509541511536
CAM_01,2026-06-03 14:57:29,"(880, 204, 966, 258)",0.642425537109375
CAM_01,2026-06-03 14:57:29,"(880, 204, 966, 258)",0.644618809223175
CAM_01,2026-06-03 14:57:30,"(880, 204, 966, 258)",0.649259090423584
CAM_01,2026-06-03 14:57:30,"(880, 204, 966, 258)",0.6497980952262878
CAM_01,2026-06-03 14:57:30,"(880, 204, 966, 258)",0.6534600257873535
CAM_01,2026-06-03 14:57:30,"(880, 204, 966, 258)",0.6524008512496948
CAM_01,2026-06-03 14:57:31,"(880, 204, 966, 258)",0.657124400138855
CAM_01,2026-06-03 14:57:31,"(880, 204, 966, 257)",0.593059778213501
CAM_01,2026-06-03 14:57:31,"(880, 204, 966, 257)",0.590276300907135
CAM_01,2026-06-03 14:57:31,"(880, 204, 966, 258)",0.5917869806289673
CAM_01,2026-06-03 14:57:31,"(880, 204, 966, 258)",0.5970207452774048
CAM_01,2026-06-03 14:57:32,"(880, 204, 966, 257)",0.5954887270927429
CAM_01,2026-06-03 14:57:32,"(880, 204, 966, 258)",0.5919615626335144
CAM_01,2026-06-03 14:57:32,"(880, 204, 966, 258)",0.5918766260147095
CAM_01,2026-06-03 14:57:32,"(880, 204, 966, 258)",0.5928149223327637
CAM_01,2026-06-03 14:57:33,"(880, 204, 966, 258)",0.5954099297523499
CAM_01,2026-06-03 14:57:33,"(880, 204, 966, 258)",0.60262531042099
CAM_01,2026-06-03 14:57:33,"(879, 203, 966, 258)",0.6668055057525635
CAM_01,2026-06-03 14:57:33,"(879, 203, 966, 258)",0.6770444512367249
CAM_01,2026-06-03 14:57:33,"(879, 203, 966, 258)",0.6770896315574646
CAM_01,2026-06-03 14:57:34,"(879, 203, 966, 258)",0.6784836649894714
CAM_01,2026-06-03 14:57:34,"(879, 204, 966, 258)",0.680105984210968
CAM_01,2026-06-03 14:57:34,"(879, 203, 966, 258)",0.6841965913772583
CAM_01,2026-06-03 14:57:34,"(879, 203, 966, 258)",0.6846718788146973
CAM_01,2026-06-03 14:57:34,"(879, 203, 966, 258)",0.6847025156021118
CAM_01,2026-06-03 14:57:34,"(879, 203, 966, 258)",0.6808719038963318
CAM_01,2026-06-03 14:57:35,"(879, 203, 966, 258)",0.6828892827033997
CAM_01,2026-06-03 14:57:35,"(880, 204, 966, 257)",0.6231673359870911
CAM_01,2026-06-03 14:57:35,"(880, 204, 966, 257)",0.6332921385765076
CAM_01,2026-06-03 14:57:35,"(880, 204, 966, 257)",0.6360968351364136
CAM_01,2026-06-03 14:57:36,"(880, 204, 966, 257)",0.6350613832473755
CAM_01,2026-06-03 14:57:36,"(880, 204, 966, 257)",0.6306694746017456
CAM_01,2026-06-03 14:57:36,"(880, 204, 966, 257)",0.6412892937660217
CAM_01,2026-06-03 14:57:36,"(880, 204, 966, 257)",0.6477440595626831
CAM_01,2026-06-03 14:57:36,"(880, 204, 966, 257)",0.6506945490837097
CAM_01,2026-06-03 14:57:36,"(880, 204, 966, 257)",0.642203152179718
CAM_01,2026-06-03 14:57:37,"(880, 204, 966, 258)",0.6480510234832764
CAM_01,2026-06-03 14:57:37,"(879, 204, 966, 257)",0.5679186582565308
CAM_01,2026-06-03 14:57:37,"(879, 204, 966, 257)",0.5595199465751648
CAM_01,2026-06-03 14:57:37,"(879, 204, 966, 257)",0.5734200477600098
CAM_01,2026-06-03 14:57:38,"(879, 204, 966, 257)",0.5886088609695435
CAM_01,2026-06-03 14:57:38,"(879, 204, 966, 257)",0.5933248400688171
CAM_01,2026-06-03 14:57:38,"(879, 204, 966, 257)",0.6157070398330688
CAM_01,2026-06-03 14:57:38,"(879, 204, 966, 257)",0.6140685081481934
CAM_01,2026-06-03 14:57:38,"(879, 204, 966, 257)",0.6254702210426331
CAM_01,2026-06-03 14:57:39,"(879, 204, 966, 257)",0.6244179606437683
CAM_01,2026-06-03 14:57:39,"(879, 204, 966, 257)",0.6297417879104614
CAM_01,2026-06-03 14:57:39,"(880, 203, 966, 258)",0.5852118730545044
CAM_01,2026-06-03 14:57:39,"(880, 203, 966, 258)",0.5861901044845581
CAM_01,2026-06-03 14:57:40,"(880, 203, 966, 258)",0.5820776224136353
CAM_01,2026-06-03 14:57:40,"(880, 203, 966, 258)",0.5837210416793823
CAM_01,2026-06-03 14:57:40,"(880, 204, 966, 258)",0.7045448422431946
CAM_01,2026-06-03 14:57:40,"(880, 204, 966, 258)",0.6792281866073608
CAM_01,2026-06-03 14:57:41,"(880, 203, 966, 257)",0.6296607851982117
CAM_01,2026-06-03 14:57:41,"(880, 203, 966, 258)",0.6499381065368652
CAM_01,2026-06-03 14:57:41,"(880, 204, 966, 258)",0.6004197001457214
CAM_01,2026-06-03 14:57:41,"(879, 204, 966, 258)",0.7243359684944153
CAM_01,2026-06-03 14:57:41,"(879, 203, 966, 257)",0.7033833265304565
CAM_01,2026-06-03 14:57:42,"(880, 204, 966, 257)",0.7271509170532227
CAM_01,2026-06-03 14:57:42,"(880, 204, 967, 256)",0.7454267144203186
CAM_01,2026-06-03 14:57:42,"(880, 204, 967, 256)",0.764884352684021
CAM_01,2026-06-03 14:57:54,"(878, 204, 968, 258)",0.7420145869255066
CAM_01,2026-06-03 14:57:54,"(430, 32, 482, 84)",0.5212757587432861
CAM_01,2026-06-03 14:57:54,"(878, 203, 967, 256)",0.7747406959533691
CAM_01,2026-06-03 14:57:54,"(879, 204, 968, 257)",0.7706503868103027
CAM_01,2026-06-03 14:57:54,"(817, 70, 873, 122)",0.60491544008255
CAM_01,2026-06-03 14:57:54,"(879, 204, 966, 258)",0.791625440120697
CAM_01,2026-06-03 14:57:54,"(879, 204, 967, 258)",0.7918931245803833
CAM_01,2026-06-03 14:57:55,"(880, 203, 967, 257)",0.7855191826820374
CAM_01,2026-06-03 14:57:55,"(430, 32, 481, 84)",0.5003141164779663
CAM_01,2026-06-03 14:57:55,"(880, 203, 966, 258)",0.7875866889953613
CAM_01,2026-06-03 14:57:55,"(880, 203, 967, 257)",0.7761092185974121
CAM_01,2026-06-03 14:57:55,"(880, 204, 966, 258)",0.7805778384208679
CAM_01,2026-06-03 14:57:55,"(880, 204, 966, 258)",0.7896764278411865
CAM_01,2026-06-03 14:57:56,"(880, 204, 966, 258)",0.7798214554786682
CAM_01,2026-06-03 14:57:56,"(880, 203, 966, 258)",0.7782242298126221
CAM_01,2026-06-03 14:57:56,"(880, 203, 966, 258)",0.7564924359321594
CAM_01,2026-06-03 14:57:56,"(880, 203, 966, 258)",0.7549226880073547
CAM_01,2026-06-03 14:57:56,"(880, 203, 966, 258)",0.7525426745414734
CAM_01,2026-06-03 14:57:57,"(880, 203, 966, 258)",0.7489054799079895
CAM_01,2026-06-03 14:57:57,"(880, 204, 966, 257)",0.7667884826660156
CAM_01,2026-06-03 14:57:57,"(880, 204, 966, 257)",0.7643715739250183
CAM_01,2026-06-03 14:57:57,"(880, 204, 966, 257)",0.7542344331741333
CAM_01,2026-06-03 14:57:57,"(880, 204, 966, 257)",0.7410586476325989
CAM_01,2026-06-03 14:57:58,"(880, 204, 966, 257)",0.7294242978096008
CAM_01,2026-06-03 14:57:58,"(880, 204, 966, 257)",0.7392338514328003
CAM_01,2026-06-03 14:57:58,"(880, 204, 966, 257)",0.7298991680145264
CAM_01,2026-06-03 14:57:58,"(880, 204, 966, 257)",0.7376828789710999
CAM_01,2026-06-03 14:57:58,"(880, 204, 966, 257)",0.728801965713501
CAM_01,2026-06-03 14:57:59,"(880, 204, 966, 257)",0.717822790145874
CAM_01,2026-06-03 14:57:59,"(879, 204, 966, 257)",0.7460861802101135
CAM_01,2026-06-03 14:57:59,"(879, 204, 966, 257)",0.7482320666313171
CAM_01,2026-06-03 14:57:59,"(879, 204, 966, 257)",0.7308438420295715
CAM_01,2026-06-03 14:57:59,"(879, 204, 966, 257)",0.7359439134597778
CAM_01,2026-06-03 14:58:00,"(879, 204, 966, 257)",0.728401243686676
CAM_01,2026-06-03 14:58:00,"(879, 204, 966, 257)",0.7259928584098816
CAM_01,2026-06-03 14:58:00,"(879, 204, 966, 257)",0.7361590266227722
CAM_01,2026-06-03 14:58:00,"(879, 204, 966, 257)",0.7353333830833435
CAM_01,2026-06-03 14:58:00,"(879, 204, 966, 257)",0.7374235987663269
CAM_01,2026-06-03 14:58:01,"(879, 203, 966, 257)",0.7438535690307617
CAM_01,2026-06-03 14:58:01,"(880, 204, 966, 258)",0.7213900685310364
CAM_01,2026-06-03 14:58:01,"(880, 204, 966, 258)",0.7324937582015991
CAM_01,2026-06-03 14:58:01,"(880, 204, 966, 258)",0.740818977355957
CAM_01,2026-06-03 14:58:01,"(880, 204, 966, 258)",0.7411912083625793
CAM_01,2026-06-03 14:58:02,"(880, 204, 966, 258)",0.7372849583625793
CAM_01,2026-06-03 14:58:02,"(880, 204, 966, 258)",0.7389838695526123
CAM_01,2026-06-03 14:58:02,"(880, 204, 966, 258)",0.7405108213424683
CAM_01,2026-06-03 14:58:02,"(880, 204, 966, 258)",0.7394604682922363
CAM_01,2026-06-03 14:58:02,"(880, 204, 966, 258)",0.7129839062690735
CAM_01,2026-06-03 14:58:03,"(880, 204, 966, 258)",0.7134416103363037
CAM_01,2026-06-03 14:58:03,"(880, 203, 966, 257)",0.6478487253189087
CAM_01,2026-06-03 14:58:03,"(880, 203, 966, 257)",0.6429337859153748
CAM_01,2026-06-03 14:58:03,"(880, 203, 966, 257)",0.6371172666549683
CAM_01,2026-06-03 14:58:04,"(880, 203, 966, 257)",0.6455914378166199
CAM_01,2026-06-03 14:58:04,"(880, 203, 966, 257)",0.6457805633544922
CAM_01,2026-06-03 14:58:04,"(880, 203, 966, 257)",0.6399484276771545
CAM_01,2026-06-03 14:58:04,"(880, 203, 966, 257)",0.6303540468215942
CAM_01,2026-06-03 14:58:04,"(880, 203, 966, 257)",0.6357778310775757
CAM_01,2026-06-03 14:58:05,"(880, 203, 966, 257)",0.6446033120155334
CAM_01,2026-06-03 14:58:05,"(880, 203, 966, 257)",0.6453506946563721
CAM_01,2026-06-03 14:58:05,"(879, 203, 966, 258)",0.7155590653419495
CAM_01,2026-06-03 14:58:05,"(879, 204, 966, 258)",0.7203783392906189
CAM_01,2026-06-03 14:58:05,"(879, 204, 966, 258)",0.7199801206588745
CAM_01,2026-06-03 14:58:06,"(879, 204, 966, 258)",0.7242684960365295
CAM_01,2026-06-03 14:58:06,"(879, 204, 966, 258)",0.7240139245986938
CAM_01,2026-06-03 14:58:06,"(879, 204, 966, 258)",0.7207793593406677
CAM_01,2026-06-03 14:58:06,"(879, 204, 966, 258)",0.7194019556045532
CAM_01,2026-06-03 14:58:07,"(879, 204, 966, 258)",0.7128171920776367
CAM_01,2026-06-03 14:58:07,"(880, 204, 966, 257)",0.6713277697563171
CAM_01,2026-06-03 14:58:07,"(880, 204, 966, 257)",0.6608614921569824
CAM_01,2026-06-03 14:58:07,"(880, 204, 966, 257)",0.6600605249404907
CAM_01,2026-06-03 14:58:08,"(880, 204, 966, 257)",0.6561673879623413
CAM_01,2026-06-03 14:58:08,"(880, 204, 966, 257)",0.6560543179512024
CAM_01,2026-06-03 14:58:08,"(880, 204, 966, 257)",0.6570188403129578
CAM_01,2026-06-03 14:58:08,"(880, 204, 966, 257)",0.6569913029670715
CAM_01,2026-06-03 14:58:09,"(880, 204, 966, 257)",0.6537410616874695
CAM_01,2026-06-03 14:58:09,"(880, 204, 966, 257)",0.6550033092498779
CAM_01,2026-06-03 14:58:09,"(880, 204, 966, 257)",0.6861825585365295
CAM_01,2026-06-03 14:58:09,"(880, 204, 966, 257)",0.6914737820625305
CAM_01,2026-06-03 14:58:09,"(880, 204, 966, 257)",0.6920708417892456
CAM_01,2026-06-03 14:58:10,"(880, 204, 966, 257)",0.6994481682777405
CAM_01,2026-06-03 14:58:10,"(880, 204, 966, 257)",0.699102520942688
CAM_01,2026-06-03 14:58:10,"(880, 204, 966, 257)",0.6948193311691284
CAM_01,2026-06-03 14:58:10,"(880, 204, 966, 257)",0.6939374804496765
CAM_01,2026-06-03 14:58:10,"(880, 203, 966, 257)",0.6992970705032349
CAM_01,2026-06-03 14:58:11,"(880, 204, 966, 257)",0.6984066367149353
CAM_01,2026-06-03 14:58:11,"(880, 204, 966, 257)",0.6949078440666199
CAM_01,2026-06-03 14:58:11,"(880, 204, 966, 258)",0.6631884574890137
CAM_01,2026-06-03 14:58:11,"(880, 204, 966, 258)",0.6577864289283752
CAM_01,2026-06-03 14:58:11,"(880, 204, 966, 257)",0.6622284054756165
CAM_01,2026-06-03 14:58:12,"(880, 204, 966, 258)",0.6636747717857361
CAM_01,2026-06-03 14:58:12,"(880, 204, 966, 258)",0.66180419921875
CAM_01,2026-06-03 14:58:12,"(880, 204, 966, 258)",0.6693833470344543
CAM_01,2026-06-03 14:58:12,"(880, 204, 966, 258)",0.6713728904724121
CAM_01,2026-06-03 14:58:12,"(880, 204, 966, 258)",0.6572372317314148
CAM_01,2026-06-03 14:58:13,"(880, 204, 966, 257)",0.6617417931556702
CAM_01,2026-06-03 14:58:13,"(880, 204, 966, 258)",0.6715134382247925
CAM_01,2026-06-03 14:58:13,"(880, 204, 966, 258)",0.7018797993659973
CAM_01,2026-06-03 14:58:13,"(880, 204, 966, 258)",0.6753318309783936
CAM_01,2026-06-03 14:58:13,"(880, 204, 966, 258)",0.7099956274032593
CAM_01,2026-06-03 14:58:14,"(879, 203, 966, 258)",0.6508396863937378
CAM_01,2026-06-03 16:00:06,"(737, 149, 780, 197)",0.5019536018371582
CAM_01,2026-06-03 16:00:39,"(749, 85, 807, 148)",0.5173076391220093
CAM_01,2026-06-03 16:01:48,"(1125, 101, 1175, 173)",0.6100136637687683
CAM_01,2026-06-03 16:02:00,"(1058, 113, 1092, 158)",0.7274753451347351
CAM_01,2026-06-03 16:04:19,"(193, 251, 371, 396)",0.8224167227745056
CAM_01,2026-06-03 16:04:35,"(258, 196, 389, 254)",0.5180938243865967
CAM_01,2026-06-03 16:05:18,"(994, 246, 1030, 283)",0.5410639047622681
CAM_01,2026-06-03 16:05:19,"(994, 246, 1036, 284)",0.6312645077705383
CAM_01,2026-06-03 16:05:19,"(995, 247, 1038, 285)",0.6019909977912903
CAM_01,2026-06-03 16:05:19,"(995, 245, 1035, 286)",0.505240797996521
CAM_01,2026-06-03 16:05:20,"(995, 245, 1035, 286)",0.5136601328849792
CAM_01,2026-06-03 16:05:20,"(994, 245, 1036, 286)",0.6098062992095947
CAM_01,2026-06-03 16:05:20,"(994, 245, 1036, 286)",0.6473081111907959
CAM_01,2026-06-03 16:05:20,"(995, 245, 1035, 286)",0.6238157153129578
CAM_01,2026-06-03 16:05:20,"(1129, 241, 1170, 269)",0.5116311311721802
CAM_01,2026-06-03 16:05:20,"(995, 245, 1036, 286)",0.6965371966362
CAM_01,2026-06-03 16:05:21,"(995, 247, 1036, 286)",0.6476551294326782
CAM_01,2026-06-03 16:05:21,"(1100, 242, 1169, 281)",0.5134600400924683
CAM_01,2026-06-03 16:05:21,"(995, 247, 1038, 286)",0.5720929503440857
CAM_01,2026-06-03 16:05:21,"(996, 247, 1034, 285)",0.5277236700057983
CAM_01,2026-06-03 16:05:22,"(995, 247, 1034, 285)",0.7166671752929688
CAM_01,2026-06-03 16:05:22,"(994, 247, 1032, 287)",0.720821738243103
CAM_01,2026-06-03 16:05:22,"(1020, 176, 1131, 224)",0.7090350389480591
CAM_01,2026-06-03 16:05:22,"(1022, 181, 1102, 215)",0.6302613019943237
CAM_01,2026-06-03 16:05:22,"(995, 246, 1037, 288)",0.7556517124176025
CAM_01,2026-06-03 16:05:23,"(895, 169, 975, 225)",0.6947659254074097
CAM_01,2026-06-03 16:05:24,"(828, 189, 892, 232)",0.5338486433029175
CAM_01,2026-06-03 16:05:24,"(995, 247, 1038, 284)",0.77303147315979
CAM_01,2026-06-03 16:05:24,"(995, 246, 1033, 284)",0.7546441555023193
CAM_01,2026-06-03 16:05:24,"(995, 247, 1033, 285)",0.5191524028778076
CAM_01,2026-06-03 16:05:25,"(994, 246, 1033, 286)",0.5304868221282959
CAM_01,2026-06-03 16:05:25,"(995, 245, 1034, 286)",0.5780335664749146
CAM_01,2026-06-03 16:05:31,"(995, 246, 1034, 286)",0.5096443891525269
CAM_01,2026-06-03 16:05:31,"(995, 246, 1034, 286)",0.5109245777130127
CAM_01,2026-06-03 16:05:31,"(995, 246, 1034, 286)",0.5141868591308594
CAM_01,2026-06-03 16:05:32,"(995, 246, 1034, 286)",0.5124841332435608
CAM_01,2026-06-03 16:05:32,"(995, 246, 1034, 286)",0.5106561183929443
CAM_01,2026-06-03 16:05:32,"(995, 246, 1034, 286)",0.5116332173347473
CAM_01,2026-06-03 16:05:33,"(995, 245, 1033, 285)",0.5053628087043762
CAM_01,2026-06-03 16:05:33,"(995, 245, 1033, 285)",0.5054802894592285
CAM_01,2026-06-03 16:05:34,"(995, 245, 1033, 286)",0.5018358826637268
CAM_01,2026-06-03 16:05:34,"(995, 245, 1033, 286)",0.5018975138664246
CAM_01,2026-06-03 16:05:35,"(994, 245, 1034, 286)",0.5002577304840088
CAM_01,2026-06-03 16:05:35,"(995, 245, 1034, 286)",0.5029346942901611
CAM_01,2026-06-03 16:05:36,"(995, 245, 1034, 286)",0.5036281943321228
CAM_01,2026-06-03 16:05:36,"(995, 245, 1034, 286)",0.5172581672668457
CAM_01,2026-06-03 16:05:36,"(995, 245, 1034, 286)",0.5136682391166687
CAM_01,2026-06-03 16:05:36,"(995, 245, 1034, 286)",0.5116028785705566
CAM_01,2026-06-03 16:05:36,"(995, 245, 1034, 286)",0.5069670677185059
CAM_01,2026-06-03 16:05:37,"(995, 245, 1034, 286)",0.5160567760467529
CAM_01,2026-06-03 16:05:37,"(995, 245, 1034, 286)",0.5172089338302612
CAM_01,2026-06-03 16:05:48,"(995, 245, 1034, 285)",0.5069579482078552
CAM_01,2026-06-03 16:05:48,"(995, 245, 1034, 285)",0.5003888010978699
CAM_01,2026-06-03 16:06:00,"(994, 245, 1034, 285)",0.5243880152702332
CAM_01,2026-06-03 16:06:01,"(994, 245, 1034, 285)",0.5274410843849182
CAM_01,2026-06-03 16:06:01,"(994, 245, 1034, 285)",0.5246338248252869
CAM_01,2026-06-03 16:06:01,"(994, 245, 1034, 285)",0.5250445008277893
CAM_01,2026-06-03 16:06:01,"(994, 245, 1034, 285)",0.5161362290382385
CAM_01,2026-06-03 16:06:01,"(994, 245, 1034, 285)",0.5147798657417297
CAM_01,2026-06-03 16:06:02,"(994, 245, 1034, 285)",0.5187778472900391
CAM_01,2026-06-03 16:06:02,"(994, 245, 1034, 285)",0.5122999548912048
CAM_01,2026-06-03 16:06:02,"(995, 245, 1034, 285)",0.5077106356620789
CAM_01,2026-06-03 16:06:10,"(351, 191, 411, 232)",0.5148741602897644
CAM_01,2026-06-03 16:06:10,"(995, 245, 1034, 286)",0.5399512648582458
CAM_01,2026-06-03 16:06:10,"(995, 245, 1035, 286)",0.5020551085472107
CAM_01,2026-06-03 16:06:10,"(529, 36, 584, 64)",0.6935595870018005
CAM_01,2026-06-03 16:06:11,"(530, 36, 584, 65)",0.6515159606933594
CAM_01,2026-06-03 16:06:11,"(530, 35, 584, 64)",0.6079984307289124
CAM_01,2026-06-03 16:06:11,"(530, 35, 584, 64)",0.6007532477378845
CAM_01,2026-06-03 16:06:11,"(530, 36, 587, 64)",0.614547073841095
CAM_01,2026-06-03 16:06:11,"(530, 36, 587, 64)",0.5607147812843323
CAM_01,2026-06-03 16:06:12,"(531, 37, 588, 65)",0.537521481513977
CAM_01,2026-06-03 16:06:12,"(532, 37, 589, 65)",0.5396341681480408
CAM_01,2026-06-03 16:06:12,"(533, 36, 590, 65)",0.5232901573181152
CAM_01,2026-06-03 16:06:12,"(534, 36, 591, 65)",0.635773241519928
CAM_01,2026-06-03 16:06:12,"(534, 37, 590, 65)",0.6614340543746948
CAM_01,2026-06-03 16:06:13,"(534, 37, 589, 65)",0.6265513896942139
CAM_01,2026-06-03 16:06:14,"(536, 36, 590, 65)",0.5077856779098511
CAM_01,2026-06-03 16:06:14,"(537, 36, 591, 65)",0.5678741931915283
CAM_01,2026-06-03 16:06:14,"(536, 37, 591, 66)",0.5831606984138489
CAM_01,2026-06-03 16:06:14,"(537, 37, 591, 66)",0.5935432314872742
CAM_01,2026-06-03 16:06:15,"(537, 37, 591, 66)",0.5946879982948303
CAM_01,2026-06-03 16:06:15,"(538, 37, 591, 65)",0.5895044207572937
CAM_01,2026-06-03 16:06:15,"(538, 37, 591, 65)",0.5874088406562805
CAM_01,2026-06-03 16:06:15,"(538, 37, 591, 65)",0.5994864106178284
CAM_01,2026-06-03 16:06:16,"(538, 37, 591, 66)",0.600098192691803
CAM_01,2026-06-03 16:06:16,"(538, 37, 591, 66)",0.5999245643615723
CAM_01,2026-06-03 16:06:16,"(538, 37, 591, 66)",0.5982317328453064
CAM_01,2026-06-03 16:06:16,"(538, 37, 591, 66)",0.6106237173080444
CAM_01,2026-06-03 16:06:16,"(538, 37, 591, 66)",0.6387885808944702
CAM_01,2026-06-03 16:06:16,"(995, 245, 1035, 286)",0.5388907790184021
CAM_01,2026-06-03 16:06:17,"(538, 37, 591, 66)",0.6110354661941528
CAM_01,2026-06-03 16:06:17,"(995, 245, 1035, 286)",0.5426591634750366
CAM_01,2026-06-03 16:06:17,"(537, 37, 591, 66)",0.6109397411346436
CAM_01,2026-06-03 16:06:17,"(995, 245, 1035, 286)",0.5422807931900024
CAM_01,2026-06-03 16:06:17,"(537, 37, 591, 66)",0.5795971751213074
CAM_01,2026-06-03 16:06:17,"(995, 245, 1035, 286)",0.5420033931732178
CAM_01,2026-06-03 16:06:17,"(537, 37, 591, 66)",0.566619336605072
CAM_01,2026-06-03 16:06:17,"(995, 245, 1035, 286)",0.5396419167518616
CAM_01,2026-06-03 16:06:17,"(537, 36, 591, 66)",0.5649346113204956
CAM_01,2026-06-03 16:06:17,"(995, 245, 1035, 286)",0.542872965335846
CAM_01,2026-06-03 16:06:18,"(536, 36, 591, 65)",0.5699372887611389
CAM_01,2026-06-03 16:06:18,"(995, 245, 1035, 286)",0.5422459840774536
CAM_01,2026-06-03 16:06:18,"(536, 36, 591, 65)",0.5620108842849731
CAM_01,2026-06-03 16:06:18,"(995, 245, 1035, 286)",0.5467383861541748
CAM_01,2026-06-03 16:06:18,"(536, 36, 591, 66)",0.5842238664627075
CAM_01,2026-06-03 16:06:18,"(995, 245, 1035, 286)",0.5447012782096863
CAM_01,2026-06-03 16:06:18,"(536, 36, 591, 65)",0.527718722820282
CAM_01,2026-06-03 16:06:19,"(537, 36, 592, 65)",0.5290769934654236
CAM_01,2026-06-03 16:06:19,"(538, 36, 591, 65)",0.5085788369178772
CAM_01,2026-06-03 16:06:19,"(539, 36, 592, 65)",0.5244386792182922
CAM_01,2026-06-03 16:06:19,"(539, 37, 592, 65)",0.553881824016571
CAM_01,2026-06-03 16:06:19,"(542, 37, 593, 65)",0.638636589050293
CAM_01,2026-06-03 16:06:20,"(543, 37, 594, 65)",0.6306115388870239
CAM_01,2026-06-03 16:06:20,"(545, 37, 595, 66)",0.6461787223815918
CAM_01,2026-06-03 16:06:20,"(546, 37, 596, 65)",0.666178822517395
CAM_01,2026-06-03 16:06:21,"(560, 37, 605, 63)",0.5986006259918213
CAM_01,2026-06-03 16:06:21,"(564, 37, 607, 64)",0.6341559886932373
CAM_01,2026-06-03 16:06:21,"(580, 38, 624, 65)",0.5865172147750854
CAM_01,2026-06-03 16:06:22,"(592, 39, 633, 64)",0.6806498169898987
CAM_01,2026-06-03 16:06:23,"(995, 245, 1034, 286)",0.5178496241569519
CAM_01,2026-06-03 16:06:23,"(994, 245, 1034, 286)",0.5243043303489685
CAM_01,2026-06-03 16:06:23,"(995, 245, 1034, 286)",0.516974925994873
CAM_01,2026-06-03 16:06:23,"(995, 245, 1034, 286)",0.5192757844924927
CAM_01,2026-06-03 16:06:24,"(995, 245, 1034, 286)",0.5321891903877258
CAM_01,2026-06-03 16:06:24,"(995, 245, 1034, 286)",0.5216529369354248
CAM_01,2026-06-03 16:06:24,"(995, 245, 1034, 286)",0.519554078578949
CAM_01,2026-06-03 16:06:24,"(995, 245, 1034, 286)",0.5142737627029419
CAM_01,2026-06-03 16:06:26,"(388, 103, 445, 212)",0.745998203754425
CAM_01,2026-06-03 16:06:26,"(381, 111, 441, 217)",0.8503168821334839
CAM_01,2026-06-03 16:06:26,"(368, 114, 438, 225)",0.7738355994224548
CAM_01,2026-06-03 16:06:27,"(361, 123, 441, 227)",0.7687585949897766
CAM_01,2026-06-03 16:06:27,"(351, 137, 432, 237)",0.6452429294586182
CAM_01,2026-06-03 16:06:27,"(339, 147, 501, 244)",0.5965738892555237
CAM_01,2026-06-03 16:06:27,"(320, 155, 492, 249)",0.7634934782981873
CAM_01,2026-06-03 16:06:27,"(305, 157, 480, 253)",0.734265923500061
CAM_01,2026-06-03 16:06:27,"(995, 245, 1034, 286)",0.5005373954772949
CAM_01,2026-06-03 16:06:28,"(280, 158, 462, 246)",0.7553194761276245
CAM_01,2026-06-03 16:06:28,"(269, 156, 417, 242)",0.6590995788574219
CAM_01,2026-06-03 16:06:28,"(995, 245, 1034, 286)",0.5003824830055237
CAM_01,2026-06-03 16:06:28,"(995, 245, 1034, 286)",0.5077213644981384
CAM_01,2026-06-03 16:06:28,"(995, 245, 1034, 286)",0.5079827904701233
CAM_01,2026-06-03 16:06:28,"(161, 146, 260, 238)",0.7212649583816528
CAM_01,2026-06-03 16:06:29,"(131, 139, 261, 222)",0.8492024540901184
CAM_01,2026-06-03 16:06:29,"(995, 245, 1034, 286)",0.5164036750793457
CAM_01,2026-06-03 16:06:29,"(111, 137, 235, 209)",0.9088639616966248
CAM_01,2026-06-03 16:06:29,"(995, 245, 1034, 286)",0.5171133875846863
CAM_01,2026-06-03 16:06:29,"(76, 130, 227, 203)",0.8655034899711609
CAM_01,2026-06-03 16:06:29,"(995, 245, 1034, 286)",0.5171105265617371
CAM_01,2026-06-03 16:06:29,"(36, 125, 189, 211)",0.8239622712135315
CAM_01,2026-06-03 16:06:29,"(995, 245, 1034, 285)",0.5176557898521423
CAM_01,2026-06-03 16:06:30,"(0, 137, 164, 229)",0.7772009968757629
CAM_01,2026-06-03 16:06:30,"(995, 245, 1034, 286)",0.5185860395431519
CAM_01,2026-06-03 16:06:30,"(0, 151, 158, 235)",0.8414341807365417
CAM_01,2026-06-03 16:06:41,"(995, 245, 1034, 285)",0.5053064227104187
CAM_01,2026-06-03 16:07:09,"(994, 245, 1034, 286)",0.5399352312088013
CAM_01,2026-06-03 16:07:09,"(995, 245, 1035, 286)",0.5211145281791687
CAM_01,2026-06-03 16:07:09,"(995, 245, 1035, 286)",0.5236285924911499
CAM_01,2026-06-03 16:07:10,"(995, 245, 1035, 286)",0.5221556425094604
CAM_01,2026-06-03 16:07:10,"(995, 245, 1035, 286)",0.5226616859436035
CAM_01,2026-06-03 16:07:10,"(995, 245, 1035, 286)",0.5207425355911255
CAM_01,2026-06-03 16:07:10,"(995, 245, 1035, 286)",0.5216417908668518
CAM_01,2026-06-03 16:07:11,"(995, 245, 1035, 286)",0.5195841193199158
CAM_01,2026-06-03 16:07:11,"(995, 245, 1035, 286)",0.5209683775901794
CAM_01,2026-06-03 16:07:11,"(995, 245, 1035, 286)",0.5210795402526855
CAM_01,2026-06-03 16:07:17,"(995, 245, 1034, 286)",0.5009892582893372
CAM_01,2026-06-03 16:07:17,"(995, 245, 1034, 286)",0.5005083084106445
CAM_01,2026-06-03 16:07:18,"(228, 47, 381, 335)",0.5347882509231567
CAM_01,2026-06-03 16:07:18,"(243, 49, 382, 333)",0.7506000399589539
CAM_01,2026-06-03 16:07:18,"(241, 53, 382, 328)",0.7016407251358032
CAM_01,2026-06-03 16:07:18,"(245, 85, 385, 325)",0.7551084160804749
CAM_01,2026-06-03 16:07:34,"(630, 82, 680, 143)",0.746455192565918
CAM_01,2026-06-03 16:07:34,"(647, 89, 686, 145)",0.5914987325668335
CAM_01,2026-06-03 16:07:44,"(994, 245, 1034, 285)",0.5084851980209351
CAM_01,2026-06-03 16:07:45,"(994, 245, 1034, 285)",0.5035802125930786
CAM_01,2026-06-03 16:07:45,"(995, 245, 1034, 285)",0.5131794810295105
CAM_01,2026-06-03 16:07:45,"(995, 245, 1034, 285)",0.5063374042510986
CAM_01,2026-06-03 16:07:53,"(995, 245, 1035, 286)",0.5221662521362305
CAM_01,2026-06-03 16:07:53,"(995, 245, 1035, 286)",0.6570805907249451
CAM_01,2026-06-03 16:07:53,"(995, 245, 1035, 286)",0.6583195328712463
CAM_01,2026-06-03 16:07:53,"(995, 245, 1036, 285)",0.7595451474189758
CAM_01,2026-06-03 16:07:54,"(995, 246, 1035, 285)",0.7472168207168579
CAM_01,2026-06-03 16:07:54,"(995, 246, 1035, 285)",0.6342595815658569
CAM_01,2026-06-03 16:07:54,"(995, 246, 1035, 285)",0.6207161545753479
CAM_01,2026-06-03 16:07:54,"(995, 246, 1035, 285)",0.6547725200653076
CAM_01,2026-06-03 16:07:55,"(994, 246, 1035, 286)",0.5447660088539124
CAM_01,2026-06-03 16:07:57,"(749, 89, 786, 146)",0.5949913263320923
CAM_01,2026-06-03 16:07:58,"(716, 90, 761, 146)",0.651572048664093
CAM_01,2026-06-03 16:08:06,"(995, 245, 1034, 285)",0.5958997011184692
CAM_01,2026-06-03 16:08:06,"(995, 245, 1033, 285)",0.5643065571784973
CAM_01,2026-06-03 16:08:07,"(995, 245, 1034, 286)",0.5080843567848206
CAM_01,2026-06-03 16:08:08,"(995, 244, 1035, 286)",0.5131983757019043
CAM_01,2026-06-04 17:08:10,"(283, 452, 324, 501)",0.740224301815033
CAM_01,2026-06-04 17:08:10,"(502, 42, 578, 84)",0.5641387701034546
CAM_01,2026-06-04 17:08:11,"(565, 0, 610, 17)",0.5008396506309509
CAM_01,2026-06-04 17:08:14,"(535, 45, 623, 93)",0.7860918641090393
CAM_01,2026-06-04 17:08:14,"(557, 50, 620, 94)",0.7676430344581604
CAM_01,2026-06-04 17:08:14,"(542, 46, 627, 91)",0.6103196144104004
CAM_01,2026-06-04 17:08:14,"(556, 50, 621, 94)",0.771654486656189
CAM_01,2026-06-04 17:08:14,"(543, 46, 628, 92)",0.6329490542411804
CAM_01,2026-06-04 17:08:15,"(550, 48, 621, 94)",0.7684691548347473
CAM_01,2026-06-04 17:08:15,"(551, 46, 623, 93)",0.7659947872161865
CAM_01,2026-06-04 17:08:15,"(549, 44, 624, 93)",0.769802987575531
CAM_01,2026-06-04 17:08:16,"(544, 45, 623, 92)",0.7771672606468201
CAM_01,2026-06-04 17:08:16,"(544, 45, 623, 92)",0.7751832008361816
CAM_01,2026-06-04 17:08:16,"(540, 45, 623, 92)",0.7880035042762756
CAM_01,2026-06-04 17:08:16,"(535, 50, 621, 96)",0.8152888417243958
CAM_01,2026-06-04 17:08:17,"(570, 56, 622, 98)",0.8103901147842407
CAM_01,2026-06-04 17:08:17,"(541, 51, 625, 96)",0.6760506629943848
CAM_01,2026-06-04 17:08:17,"(565, 55, 625, 98)",0.8078070878982544
CAM_01,2026-06-04 17:08:17,"(542, 49, 628, 97)",0.6074443459510803
CAM_01,2026-06-04 17:08:17,"(572, 56, 624, 102)",0.8142454028129578
CAM_01,2026-06-04 17:08:17,"(570, 56, 625, 101)",0.8095452785491943
CAM_01,2026-06-04 17:08:18,"(569, 54, 629, 103)",0.831964910030365
CAM_01,2026-06-04 17:08:18,"(569, 54, 628, 103)",0.8232297897338867
CAM_01,2026-06-04 17:08:18,"(570, 56, 625, 102)",0.8323034048080444
CAM_01,2026-06-04 17:08:18,"(569, 57, 625, 102)",0.8320426344871521
CAM_01,2026-06-04 17:08:19,"(570, 57, 624, 102)",0.8236947655677795
CAM_01,2026-06-04 17:08:19,"(569, 57, 624, 102)",0.8223637938499451
CAM_01,2026-06-04 17:08:19,"(569, 57, 624, 102)",0.8257989883422852
CAM_01,2026-06-04 17:08:19,"(569, 57, 625, 103)",0.8261697292327881
CAM_01,2026-06-04 17:08:20,"(563, 58, 625, 103)",0.8089211583137512
CAM_01,2026-06-04 17:08:20,"(547, 51, 626, 102)",0.5803429484367371
CAM_01,2026-06-04 17:08:20,"(564, 58, 625, 103)",0.8102812170982361
CAM_01,2026-06-04 17:08:20,"(548, 52, 627, 102)",0.5700677037239075
CAM_01,2026-06-04 17:08:20,"(564, 58, 625, 103)",0.8120390176773071
CAM_01,2026-06-04 17:08:20,"(547, 51, 627, 102)",0.5762162804603577
CAM_01,2026-06-04 17:08:20,"(565, 58, 625, 103)",0.8099505305290222
CAM_01,2026-06-04 17:08:20,"(547, 51, 627, 103)",0.56141197681427
CAM_01,2026-06-04 17:08:20,"(566, 58, 625, 103)",0.8124706149101257
CAM_01,2026-06-04 17:08:20,"(548, 51, 627, 103)",0.5421515107154846
CAM_01,2026-06-04 17:08:21,"(569, 59, 625, 103)",0.8165844678878784
CAM_01,2026-06-04 17:08:21,"(567, 58, 625, 103)",0.8107075095176697
CAM_01,2026-06-04 17:08:21,"(549, 51, 627, 103)",0.5350210070610046
CAM_01,2026-06-04 17:08:21,"(567, 58, 625, 103)",0.8085489273071289
CAM_01,2026-06-04 17:08:21,"(548, 51, 627, 103)",0.528731107711792
CAM_01,2026-06-04 17:08:21,"(569, 58, 625, 103)",0.8188282251358032
CAM_01,2026-06-04 17:08:22,"(571, 60, 624, 102)",0.8196637034416199
CAM_01,2026-06-04 17:08:22,"(571, 60, 624, 103)",0.8202645778656006
CAM_01,2026-06-04 17:08:22,"(571, 60, 624, 103)",0.8227952122688293
CAM_01,2026-06-04 17:08:22,"(571, 60, 624, 103)",0.819718062877655
CAM_01,2026-06-04 17:08:22,"(571, 60, 623, 103)",0.8225601315498352
CAM_01,2026-06-04 17:08:23,"(571, 60, 624, 103)",0.8228617906570435
CAM_01,2026-06-04 17:08:23,"(571, 60, 624, 103)",0.8238313794136047
CAM_01,2026-06-04 17:08:23,"(571, 60, 623, 103)",0.8239161968231201
CAM_01,2026-06-04 17:08:23,"(571, 60, 623, 103)",0.8254633545875549
CAM_01,2026-06-04 17:08:24,"(561, 57, 623, 102)",0.824928343296051
CAM_01,2026-06-04 17:08:24,"(565, 57, 624, 103)",0.8246130347251892
CAM_01,2026-06-04 17:08:24,"(564, 56, 624, 103)",0.8178642392158508
CAM_01,2026-06-04 17:08:24,"(550, 51, 625, 101)",0.6053688526153564
CAM_01,2026-06-04 17:08:24,"(566, 56, 623, 103)",0.8042418956756592
CAM_01,2026-06-04 17:08:24,"(545, 50, 625, 101)",0.6173067688941956
CAM_01,2026-06-04 17:08:24,"(560, 52, 623, 103)",0.7999897599220276
CAM_01,2026-06-04 17:08:25,"(565, 56, 622, 103)",0.8114846348762512
CAM_01,2026-06-04 17:08:25,"(548, 50, 624, 101)",0.6257972121238708
CAM_01,2026-06-04 17:08:25,"(564, 56, 623, 102)",0.8155999779701233
CAM_01,2026-06-04 17:08:25,"(548, 50, 625, 101)",0.605709969997406
CAM_01,2026-06-04 17:08:25,"(567, 56, 623, 102)",0.8147614598274231
CAM_01,2026-06-04 17:08:25,"(565, 56, 623, 102)",0.8167532682418823
CAM_01,2026-06-04 17:08:25,"(547, 50, 625, 101)",0.5093684792518616
CAM_01,2026-06-04 17:08:26,"(564, 55, 623, 102)",0.8110247850418091
CAM_01,2026-06-04 17:08:26,"(547, 49, 625, 101)",0.5047829747200012
CAM_01,2026-06-04 17:08:26,"(569, 54, 624, 101)",0.8137906789779663
CAM_01,2026-06-04 17:08:26,"(566, 53, 624, 102)",0.8128695487976074
CAM_01,2026-06-04 17:08:26,"(560, 49, 624, 103)",0.8135837316513062
CAM_01,2026-06-04 17:08:27,"(558, 49, 624, 103)",0.799850583076477
CAM_01,2026-06-04 17:08:27,"(561, 52, 625, 102)",0.7951791286468506
CAM_01,2026-06-04 17:08:27,"(555, 49, 625, 104)",0.8001247048377991
CAM_01,2026-06-04 17:08:27,"(563, 49, 625, 104)",0.8038002252578735
CAM_01,2026-06-04 17:08:27,"(567, 49, 625, 103)",0.8037833571434021
CAM_01,2026-06-04 17:08:28,"(566, 49, 625, 103)",0.8020384311676025
CAM_01,2026-06-04 17:08:28,"(568, 55, 626, 103)",0.8095638155937195
CAM_01,2026-06-04 17:08:28,"(568, 56, 626, 103)",0.8124158382415771
CAM_01,2026-06-04 17:08:28,"(568, 56, 625, 103)",0.801389753818512
CAM_01,2026-06-04 17:08:29,"(567, 56, 626, 103)",0.810199499130249
CAM_01,2026-06-04 17:08:29,"(568, 56, 626, 103)",0.7938734889030457
CAM_01,2026-06-04 17:08:29,"(569, 56, 625, 103)",0.7949723601341248
CAM_01,2026-06-04 17:08:29,"(569, 57, 625, 103)",0.8036472797393799
CAM_01,2026-06-04 17:08:29,"(570, 56, 625, 103)",0.7863509058952332
CAM_01,2026-06-04 17:08:30,"(565, 56, 624, 102)",0.8060309886932373
CAM_01,2026-06-04 17:08:30,"(565, 56, 624, 103)",0.8097519278526306
CAM_01,2026-06-04 17:08:30,"(566, 56, 624, 103)",0.8145741820335388
CAM_01,2026-06-04 17:08:30,"(565, 55, 624, 103)",0.8141980767250061
CAM_01,2026-06-04 17:08:31,"(567, 55, 624, 103)",0.8156371116638184
CAM_01,2026-06-04 17:08:31,"(560, 54, 625, 103)",0.811319887638092
CAM_01,2026-06-04 17:08:31,"(563, 54, 625, 103)",0.8173657059669495
CAM_01,2026-06-04 17:08:31,"(568, 55, 624, 102)",0.8113304972648621
CAM_01,2026-06-04 17:08:32,"(561, 54, 624, 102)",0.798231303691864
CAM_01,2026-06-04 17:08:32,"(533, 48, 625, 104)",0.7980222702026367
CAM_01,2026-06-04 17:08:32,"(552, 55, 624, 103)",0.6378823518753052
CAM_01,2026-06-04 17:08:32,"(534, 46, 625, 104)",0.803170382976532
CAM_01,2026-06-04 17:08:32,"(534, 46, 625, 102)",0.8176926970481873
CAM_01,2026-06-04 17:08:32,"(553, 51, 624, 103)",0.7986493110656738
CAM_01,2026-06-04 17:08:33,"(561, 56, 621, 102)",0.7925934791564941
CAM_01,2026-06-04 17:08:33,"(558, 57, 620, 102)",0.7940130233764648
CAM_01,2026-06-04 17:08:33,"(556, 58, 619, 102)",0.7951861619949341
CAM_01,2026-06-04 17:08:33,"(558, 58, 619, 102)",0.7996575832366943
CAM_01,2026-06-04 17:08:34,"(563, 59, 619, 102)",0.8133264183998108
CAM_01,2026-06-04 17:08:34,"(562, 58, 618, 102)",0.8181959390640259
CAM_01,2026-06-04 17:08:34,"(562, 56, 619, 101)",0.8064833283424377
CAM_01,2026-06-04 17:08:34,"(563, 56, 619, 100)",0.799475371837616
CAM_01,2026-06-04 17:08:34,"(551, 51, 620, 99)",0.6261059641838074
CAM_01,2026-06-04 17:08:35,"(565, 55, 620, 100)",0.7984172105789185
CAM_01,2026-06-04 17:08:35,"(562, 54, 621, 101)",0.7988464832305908
CAM_01,2026-06-04 17:08:35,"(564, 55, 620, 100)",0.7947739958763123
CAM_01,2026-06-04 17:08:35,"(565, 55, 620, 101)",0.7917291522026062
CAM_01,2026-06-04 17:08:36,"(565, 55, 621, 101)",0.7906764149665833
CAM_01,2026-06-04 17:08:36,"(556, 55, 622, 101)",0.7853685021400452
CAM_01,2026-06-04 17:08:36,"(554, 53, 622, 100)",0.7940381169319153
CAM_01,2026-06-04 17:08:37,"(563, 55, 621, 100)",0.7943422794342041
CAM_01,2026-06-04 17:08:38,"(564, 56, 621, 100)",0.7937955856323242
CAM_01,2026-06-04 17:08:38,"(562, 52, 623, 102)",0.7917156219482422
CAM_01,2026-06-04 17:08:39,"(557, 54, 620, 102)",0.7826730608940125
CAM_01,2026-06-04 17:08:39,"(558, 54, 619, 101)",0.7831793427467346
CAM_01,2026-06-04 17:08:40,"(560, 53, 618, 100)",0.7873514890670776
CAM_01,2026-06-04 17:08:40,"(553, 49, 620, 95)",0.7743818163871765
CAM_01,2026-06-04 17:09:12,"(797, 0, 840, 23)",0.567339301109314
CAM_01,2026-06-04 17:09:12,"(797, 0, 840, 23)",0.5569343566894531
CAM_01,2026-06-04 17:09:12,"(797, 0, 840, 23)",0.5633847117424011
CAM_01,2026-06-04 17:09:13,"(798, 0, 841, 23)",0.5420605540275574
CAM_01,2026-06-04 17:09:14,"(799, 0, 841, 21)",0.5816919207572937
CAM_01,2026-06-04 17:09:17,"(798, 0, 840, 19)",0.5678184628486633
CAM_01,2026-06-04 17:09:17,"(798, 0, 840, 20)",0.6352605223655701
CAM_01,2026-06-04 17:09:17,"(798, 0, 840, 20)",0.6303704977035522
CAM_01,2026-06-04 17:09:19,"(798, 0, 840, 20)",0.6476221680641174
CAM_01,2026-06-04 17:09:20,"(800, 0, 842, 21)",0.6118589043617249
CAM_01,2026-06-04 17:09:23,"(798, 0, 839, 20)",0.5906434655189514
CAM_01,2026-06-04 17:09:27,"(795, 0, 838, 22)",0.5695462822914124
CAM_01,2026-06-04 17:09:27,"(794, 0, 837, 22)",0.5869453549385071
CAM_01,2026-06-04 17:09:28,"(793, 0, 836, 22)",0.660004198551178
CAM_01,2026-06-04 17:09:28,"(794, 0, 837, 21)",0.6675761938095093
CAM_01,2026-06-04 17:09:29,"(795, 0, 836, 21)",0.5641174912452698
CAM_01,2026-06-04 17:09:35,"(799, 0, 855, 25)",0.7617258429527283
CAM_01,2026-06-04 17:11:37,"(501, 430, 532, 492)",0.8256911635398865
CAM_01,2026-06-04 17:11:38,"(50, 443, 96, 481)",0.5605348348617554
CAM_01,2026-06-04 17:12:09,"(391, 565, 430, 682)",0.6044445633888245
CAM_01,2026-06-04 17:12:12,"(588, 400, 636, 448)",0.5619403123855591
CAM_01,2026-06-04 17:12:54,"(563, 183, 584, 224)",0.7160147428512573
CAM_01,2026-06-04 17:12:55,"(555, 185, 578, 228)",0.7243786454200745
CAM_01,2026-06-04 17:12:55,"(542, 177, 566, 222)",0.7322995066642761
CAM_01,2026-06-04 17:12:56,"(530, 177, 557, 221)",0.735410749912262
CAM_01,2026-06-04 17:12:56,"(515, 172, 541, 212)",0.7270346879959106
CAM_01,2026-06-04 17:12:57,"(492, 185, 520, 225)",0.5111081600189209
CAM_01,2026-06-04 17:12:58,"(489, 176, 519, 213)",0.6041128039360046
CAM_01,2026-06-04 17:12:58,"(507, 165, 537, 212)",0.6426589488983154
CAM_01,2026-06-04 17:12:59,"(512, 163, 542, 235)",0.5874802470207214
CAM_01,2026-06-04 17:12:59,"(503, 142, 534, 204)",0.7091288566589355
CAM_01,2026-06-04 17:13:00,"(499, 141, 531, 203)",0.6318506002426147
CAM_01,2026-06-04 17:13:00,"(472, 135, 508, 202)",0.7360451817512512
CAM_01,2026-06-04 17:13:01,"(444, 126, 479, 190)",0.7082799077033997
CAM_01,2026-06-04 17:13:02,"(392, 245, 472, 341)",0.5517092347145081
CAM_01,2026-06-04 17:13:03,"(279, 83, 342, 183)",0.7696323394775391
CAM_01,2026-06-04 17:13:03,"(181, 50, 249, 202)",0.794137716293335
CAM_01,2026-06-04 17:13:04,"(86, 34, 158, 206)",0.8144066333770752
CAM_01,2026-06-04 17:13:41,"(575, 285, 597, 338)",0.7225490212440491
CAM_01,2026-06-04 17:13:41,"(463, 329, 514, 388)",0.8144379258155823
CAM_01,2026-06-04 17:13:42,"(445, 348, 498, 412)",0.770456850528717
CAM_01,2026-06-04 17:13:42,"(402, 349, 455, 416)",0.7322767376899719
CAM_01,2026-06-04 17:13:43,"(309, 393, 400, 487)",0.8768275380134583
CAM_01,2026-06-04 17:13:43,"(214, 402, 359, 515)",0.8740730285644531
CAM_01,2026-06-04 17:13:44,"(68, 444, 278, 621)",0.73769611120224
CAM_01,2026-06-04 17:13:44,"(0, 480, 174, 667)",0.7754940986633301
CAM_01,2026-06-04 17:13:44,"(4, 479, 171, 604)",0.626116156578064
CAM_01,2026-06-04 17:14:12,"(571, 227, 606, 256)",0.5080662369728088
CAM_01,2026-06-04 17:14:13,"(557, 224, 596, 260)",0.6874013543128967
CAM_01,2026-06-04 17:14:23,"(552, 221, 574, 287)",0.6132654547691345
CAM_01,2026-06-04 17:14:24,"(529, 207, 556, 299)",0.5960772037506104
CAM_01,2026-06-04 17:14:24,"(517, 194, 545, 294)",0.5704822540283203
CAM_01,2026-06-04 17:14:25,"(503, 195, 535, 313)",0.5841197967529297
CAM_01,2026-06-04 17:14:27,"(281, 163, 359, 337)",0.8714322447776794
CAM_01,2026-06-04 17:14:27,"(226, 157, 327, 342)",0.8495945930480957
CAM_01,2026-06-04 17:14:27,"(139, 153, 275, 351)",0.8768396377563477
CAM_01,2026-06-04 17:14:27,"(83, 159, 240, 382)",0.8714797496795654
CAM_01,2026-06-04 17:14:27,"(0, 176, 165, 432)",0.8357303142547607
CAM_01,2026-06-04 17:15:13,"(549, 389, 575, 445)",0.5516513586044312
CAM_01,2026-06-04 17:15:22,"(552, 323, 639, 380)",0.7636576294898987
CAM_01,2026-06-04 17:15:22,"(538, 337, 638, 400)",0.8304673433303833
CAM_01,2026-06-04 17:15:23,"(529, 331, 624, 389)",0.8334056735038757
CAM_01,2026-06-04 17:15:24,"(522, 338, 620, 403)",0.8080615401268005
CAM_01,2026-06-04 17:15:25,"(497, 355, 623, 429)",0.8497765064239502
CAM_01,2026-06-04 17:15:25,"(487, 372, 626, 460)",0.8784108757972717
CAM_01,2026-06-04 17:15:26,"(472, 382, 621, 472)",0.886622428894043
CAM_01,2026-06-04 17:15:26,"(431, 413, 600, 510)",0.8684868216514587
CAM_01,2026-06-04 17:15:27,"(375, 435, 604, 546)",0.8616421818733215
CAM_01,2026-06-04 17:15:27,"(326, 470, 540, 606)",0.8930779695510864
CAM_01,2026-06-04 17:15:28,"(221, 505, 428, 687)",0.8776880502700806
CAM_01,2026-06-04 17:15:28,"(73, 592, 223, 719)",0.8577204346656799
CAM_01,2026-06-04 17:18:02,"(566, 258, 616, 309)",0.5613223910331726
CAM_01,2026-06-04 17:18:03,"(566, 262, 630, 317)",0.7007477283477783
CAM_01,2026-06-04 17:18:03,"(561, 265, 628, 318)",0.512677013874054
CAM_01,2026-06-04 17:18:05,"(486, 246, 531, 334)",0.623635470867157
CAM_01,2026-06-04 17:18:06,"(458, 280, 503, 344)",0.7105697393417358
CAM_01,2026-06-04 17:18:06,"(475, 327, 505, 396)",0.616948127746582
CAM_01,2026-06-04 17:18:14,"(590, 373, 703, 417)",0.7230862975120544
CAM_01,2026-06-04 17:21:42,"(1219, 435, 1273, 485)",0.6941606402397156
CAM_01,2026-06-04 17:21:42,"(1210, 421, 1270, 477)",0.7398203015327454
CAM_01,2026-06-04 17:21:42,"(1195, 410, 1278, 470)",0.7069584727287292
CAM_01,2026-06-04 17:21:43,"(1180, 416, 1272, 472)",0.694260835647583
CAM_01,2026-06-04 17:21:43,"(1157, 429, 1211, 483)",0.7543308734893799
CAM_01,2026-06-04 17:21:43,"(1147, 439, 1205, 491)",0.7715340852737427
CAM_01,2026-06-04 17:21:43,"(1161, 462, 1206, 506)",0.6635079979896545
CAM_01,2026-06-04 17:21:45,"(1094, 481, 1149, 534)",0.6388282179832458
CAM_01,2026-06-04 17:21:45,"(1039, 474, 1093, 520)",0.8008291125297546
CAM_01,2026-06-04 17:21:45,"(1006, 458, 1059, 508)",0.7784732580184937
CAM_01,2026-06-04 17:21:45,"(968, 437, 1024, 486)",0.8008723855018616
CAM_01,2026-06-04 17:21:46,"(924, 433, 983, 480)",0.7869624495506287
CAM_01,2026-06-04 17:21:46,"(922, 442, 978, 489)",0.794904351234436
CAM_01,2026-06-04 17:21:46,"(933, 457, 979, 505)",0.7048269510269165
CAM_01,2026-06-04 17:21:48,"(985, 254, 1062, 291)",0.5738464593887329
CAM_01,2026-06-04 17:21:49,"(816, 437, 866, 481)",0.5550743937492371
CAM_01,2026-06-04 17:22:24,"(531, 363, 607, 503)",0.8436118364334106
CAM_01,2026-06-04 17:22:24,"(510, 378, 600, 508)",0.8313007950782776
CAM_01,2026-06-04 17:22:24,"(500, 399, 589, 516)",0.8271609544754028
CAM_01,2026-06-04 17:22:24,"(464, 410, 564, 537)",0.8037464618682861
CAM_01,2026-06-04 17:22:25,"(449, 437, 547, 549)",0.8026636242866516
CAM_01,2026-06-04 17:22:25,"(361, 437, 484, 598)",0.7647843956947327
CAM_01,2026-06-04 17:22:26,"(361, 485, 445, 601)",0.8295468091964722
CAM_01,2026-06-04 17:22:26,"(315, 442, 440, 603)",0.8241235017776489
CAM_01,2026-06-04 17:22:26,"(285, 438, 418, 606)",0.8491517305374146
CAM_01,2026-06-04 17:22:26,"(262, 435, 397, 603)",0.8641698956489563
CAM_01,2026-06-04 17:22:26,"(241, 422, 366, 591)",0.8478085994720459
CAM_01,2026-06-04 17:22:27,"(224, 413, 356, 583)",0.8628685474395752
CAM_01,2026-06-04 17:22:27,"(219, 404, 339, 567)",0.8232536911964417
CAM_01,2026-06-04 17:22:27,"(207, 402, 332, 557)",0.8414694666862488
CAM_01,2026-06-04 17:22:27,"(177, 401, 310, 566)",0.8980667591094971
CAM_01,2026-06-04 17:22:28,"(145, 408, 282, 573)",0.8897218108177185
CAM_01,2026-06-04 17:22:30,"(0, 381, 146, 649)",0.7148489952087402
CAM_01,2026-06-04 17:22:30,"(0, 375, 145, 656)",0.5167425274848938
CAM_01,2026-06-04 17:22:30,"(0, 421, 91, 525)",0.6317850351333618
CAM_01,2026-06-04 17:26:18,"(0, 292, 146, 430)",0.6618926525115967
CAM_01,2026-06-04 17:27:40,"(835, 59, 862, 88)",0.6853479743003845
CAM_01,2026-06-04 17:27:40,"(794, 44, 824, 74)",0.6057681441307068
CAM_01,2026-06-04 17:27:40,"(783, 47, 815, 78)",0.6736031770706177
CAM_01,2026-06-04 17:27:41,"(778, 56, 805, 85)",0.5217498540878296
CAM_01,2026-06-04 17:27:41,"(720, 141, 758, 185)",0.6844247579574585
CAM_01,2026-06-04 17:27:41,"(736, 144, 776, 190)",0.6764855980873108
CAM_01,2026-06-04 17:27:42,"(780, 158, 819, 215)",0.7528771162033081
CAM_01,2026-06-04 17:27:42,"(810, 158, 851, 206)",0.8319359421730042
CAM_01,2026-06-04 17:27:42,"(828, 158, 864, 222)",0.7213849425315857
CAM_01,2026-06-04 17:28:00,"(876, 191, 921, 242)",0.5873530507087708
CAM_01,2026-06-04 17:28:01,"(907, 225, 953, 265)",0.5595356822013855
CAM_01,2026-06-04 17:28:01,"(921, 240, 973, 279)",0.7809596657752991
CAM_01,2026-06-04 17:28:01,"(921, 259, 1005, 306)",0.7898217439651489
CAM_01,2026-06-04 17:28:01,"(948, 268, 1027, 311)",0.8071239590644836
CAM_01,2026-06-04 17:28:01,"(976, 283, 1064, 328)",0.77177494764328
CAM_01,2026-06-04 17:28:02,"(1003, 290, 1091, 336)",0.746109127998352
CAM_01,2026-06-04 17:28:02,"(1033, 293, 1151, 341)",0.7649005651473999
CAM_01,2026-06-04 17:28:02,"(1051, 291, 1135, 339)",0.7709888219833374
CAM_01,2026-06-04 17:28:56,"(209, 682, 348, 720)",0.6172122955322266
CAM_01,2026-09-09 12:00:55,"(229, 1035, 264, 1078)",0.7841408848762512
CAM_01,2026-09-09 12:01:07,"(195, 771, 274, 930)",0.8157283067703247
CAM_01,2026-09-09 12:01:10,"(561, 801, 615, 946)",0.8350134491920471
CAM_01,2026-09-09 12:02:04,"(304, 969, 392, 1032)",0.854219913482666
CAM_01,2026-09-09 12:02:14,"(947, 549, 994, 578)",0.7824109196662903
CAM_01,2026-09-09 12:02:15,"(913, 547, 975, 572)",0.7768943309783936
CAM_01,2026-09-09 12:02:16,"(911, 529, 959, 557)",0.7963643074035645
CAM_01,2026-09-09 12:02:17,"(932, 500, 982, 526)",0.7940332293510437
CAM_01,2026-09-09 12:02:17,"(950, 487, 995, 511)",0.8654218316078186
CAM_01,2026-09-09 12:02:18,"(959, 475, 991, 505)",0.8084758520126343
CAM_01,2026-09-09 12:02:19,"(997, 459, 1041, 489)",0.8440403342247009
CAM_01,2026-09-09 12:02:20,"(1029, 460, 1065, 493)",0.8329302668571472
CAM_01,2026-09-09 12:02:21,"(1054, 472, 1097, 518)",0.8208675384521484
CAM_01,2026-09-09 12:02:41,"(984, 593, 1022, 724)",0.8093290328979492
CAM_01,2026-09-09 12:02:45,"(1017, 597, 1053, 734)",0.7612953186035156
CAM_01,2026-09-09 12:02:53,"(1054, 589, 1094, 717)",0.7848957777023315
CAM_01,2026-09-09 12:02:54,"(1044, 586, 1086, 716)",0.7781592607498169
CAM_01,2026-09-09 12:03:25,"(960, 561, 999, 695)",0.786706805229187
CAM_01,2026-09-09 12:03:26,"(1001, 571, 1041, 696)",0.819100558757782
CAM_01,2026-09-09 12:03:28,"(1000, 580, 1046, 726)",0.8093487024307251
CAM_01,2026-09-09 12:03:29,"(1001, 578, 1041, 713)",0.848443865776062
